{"total_flos":0,"_runtime":2009,"train/epoch":2.998624484181568,"eval/loss":0.0003344401193317026,"train/loss":0.0001,"eval/steps_per_second":8.982,"_step":3273,"_timestamp":1.7582493126964133e+09,"train_loss":0.03263783143645754,"train_steps_per_second":1.635,"_wandb":{"runtime":2009},"train_runtime":1999.71,"train_samples_per_second":52.332,"train/global_step":3270,"eval/runtime":53.9968,"train/learning_rate":1.8050541516245488e-08,"eval/samples_per_second":71.782,"train/grad_norm":0.01451488584280014}