{"early_stop_at_step":2181,"train_steps_per_second":1.365,"early_stop_metric":"eval_loss","train/loss":0.0025,"early_stop_triggered":true,"eval/steps_per_second":5.039,"train_samples_per_second":43.698,"_step":2183,"_wandb":{"runtime":2418},"train/grad_norm":0.2757605016231537,"total_flos":0,"eval/loss":0.0014898435911163688,"_runtime":2418,"train/learning_rate":1.9693140794223827e-05,"train/epoch":2,"eval/samples_per_second":40.268,"train/global_step":2181,"_timestamp":1.7582498208123631e+09,"eval/runtime":96.256,"train_runtime":2394.8044,"train_loss":0.09952852568656112}