{"_timestamp":1.758250510969919e+09,"total_flos":0,"train_loss":0.008819115689645211,"eval/runtime":95.5883,"train_steps_per_second":1.06,"train_runtime":3085.2908,"eval/loss":3.916929927072488e-05,"train/grad_norm":0,"train_samples_per_second":33.919,"train/loss":0,"eval/samples_per_second":40.549,"train/epoch":2.998624484181568,"_step":3273,"_wandb":{"runtime":3108},"_runtime":3108,"eval/steps_per_second":5.074,"train/global_step":3270,"train/learning_rate":0}