{
  "dataset_revision": "e39ff896cf3efbbdeeb950e6bd7c79f266995b07",
  "task_name": "Core17InstructionRetrieval",
  "mteb_version": "1.38.33",
  "scores": {
    "test": [
      {
        "p-MRR": 0.036978,
        "individual": {
          "original": {
            "ndcg_at_1": 0.225,
            "ndcg_at_3": 0.26405,
            "ndcg_at_5": 0.26217,
            "ndcg_at_10": 0.27824,
            "ndcg_at_20": 0.2938,
            "ndcg_at_100": 0.38046,
            "ndcg_at_1000": 0.56091,
            "map_at_1": 0.00839,
            "map_at_3": 0.02447,
            "map_at_5": 0.03689,
            "map_at_10": 0.06283,
            "map_at_20": 0.10219,
            "map_at_100": 0.17564,
            "map_at_1000": 0.21575,
            "recall_at_1": 0.00839,
            "recall_at_3": 0.03571,
            "recall_at_5": 0.05902,
            "recall_at_10": 0.11614,
            "recall_at_20": 0.19966,
            "recall_at_100": 0.45847,
            "recall_at_1000": 1.0,
            "precision_at_1": 0.3,
            "precision_at_3": 0.36667,
            "precision_at_5": 0.35,
            "precision_at_10": 0.33,
            "precision_at_20": 0.2925,
            "precision_at_100": 0.1525,
            "precision_at_1000": 0.0327,
            "naucs_at_1_max": -0.003716,
            "naucs_at_1_std": -0.252669,
            "naucs_at_1_diff1": 0.574382,
            "naucs_at_3_max": -0.119044,
            "naucs_at_3_std": -0.147653,
            "naucs_at_3_diff1": 0.594542,
            "naucs_at_5_max": -0.113796,
            "naucs_at_5_std": -0.143874,
            "naucs_at_5_diff1": 0.570444,
            "naucs_at_10_max": -0.061373,
            "naucs_at_10_std": -0.173097,
            "naucs_at_10_diff1": 0.583473,
            "naucs_at_20_max": -0.070385,
            "naucs_at_20_std": -0.181461,
            "naucs_at_20_diff1": 0.578683,
            "naucs_at_100_max": -0.070385,
            "naucs_at_100_std": -0.181461,
            "naucs_at_100_diff1": 0.578683,
            "naucs_at_1000_max": -0.0711,
            "naucs_at_1000_std": -0.179678,
            "naucs_at_1000_diff1": 0.578711,
            "mrr_at_1": 0.3,
            "mrr_at_3": 0.45,
            "mrr_at_5": 0.475,
            "mrr_at_10": 0.496726,
            "mrr_at_20": 0.50006,
            "mrr_at_100": 0.50006,
            "mrr_at_1000": 0.500391
          },
          "changed": {
            "ndcg_at_1": 0.55,
            "ndcg_at_3": 0.53547,
            "ndcg_at_5": 0.52527,
            "ndcg_at_10": 0.50614,
            "ndcg_at_20": 0.47503,
            "ndcg_at_100": 0.49431,
            "ndcg_at_1000": 0.70389,
            "map_at_1": 0.01564,
            "map_at_3": 0.04291,
            "map_at_5": 0.06743,
            "map_at_10": 0.10685,
            "map_at_20": 0.16653,
            "map_at_100": 0.28365,
            "map_at_1000": 0.35402,
            "recall_at_1": 0.01564,
            "recall_at_3": 0.04541,
            "recall_at_5": 0.07438,
            "recall_at_10": 0.12593,
            "recall_at_20": 0.20928,
            "recall_at_100": 0.47371,
            "recall_at_1000": 1.0,
            "precision_at_1": 0.7,
            "precision_at_3": 0.63333,
            "precision_at_5": 0.64,
            "precision_at_10": 0.59,
            "precision_at_20": 0.4975,
            "precision_at_100": 0.259,
            "precision_at_1000": 0.0545,
            "naucs_at_1_max": 0.180148,
            "naucs_at_1_std": -0.612322,
            "naucs_at_1_diff1": 0.712664,
            "naucs_at_3_max": -0.031714,
            "naucs_at_3_std": -0.590503,
            "naucs_at_3_diff1": 0.671846,
            "naucs_at_5_max": -0.02425,
            "naucs_at_5_std": -0.654649,
            "naucs_at_5_diff1": 0.683577,
            "naucs_at_10_max": 0.041825,
            "naucs_at_10_std": -0.658159,
            "naucs_at_10_diff1": 0.67139,
            "naucs_at_20_max": 0.041825,
            "naucs_at_20_std": -0.658159,
            "naucs_at_20_diff1": 0.67139,
            "naucs_at_100_max": 0.033756,
            "naucs_at_100_std": -0.645329,
            "naucs_at_100_diff1": 0.675106,
            "naucs_at_1000_max": 0.033756,
            "naucs_at_1000_std": -0.645329,
            "naucs_at_1000_diff1": 0.675106,
            "mrr_at_1": 0.7,
            "mrr_at_3": 0.775,
            "mrr_at_5": 0.785,
            "mrr_at_10": 0.792143,
            "mrr_at_20": 0.792143,
            "mrr_at_100": 0.794317,
            "mrr_at_1000": 0.794317
          }
        },
        "main_score": 0.036978,
        "hf_subset": "default",
        "languages": [
          "eng-Latn"
        ]
      }
    ]
  },
  "evaluation_time": 362.69395780563354,
  "kg_co2_emissions": null
}