{
  "dataset_revision": "e39ff896cf3efbbdeeb950e6bd7c79f266995b07",
  "task_name": "Core17InstructionRetrieval",
  "mteb_version": "1.38.33",
  "scores": {
    "test": [
      {
        "p-MRR": 0.037839,
        "individual": {
          "original": {
            "ndcg_at_1": 0.225,
            "ndcg_at_3": 0.26732,
            "ndcg_at_5": 0.26471,
            "ndcg_at_10": 0.2815,
            "ndcg_at_20": 0.2978,
            "ndcg_at_100": 0.3814,
            "ndcg_at_1000": 0.56203,
            "map_at_1": 0.00839,
            "map_at_3": 0.02516,
            "map_at_5": 0.03758,
            "map_at_10": 0.06395,
            "map_at_20": 0.10262,
            "map_at_100": 0.17627,
            "map_at_1000": 0.21638,
            "recall_at_1": 0.00839,
            "recall_at_3": 0.03571,
            "recall_at_5": 0.05902,
            "recall_at_10": 0.11709,
            "recall_at_20": 0.20129,
            "recall_at_100": 0.45867,
            "recall_at_1000": 1.0,
            "precision_at_1": 0.3,
            "precision_at_3": 0.36667,
            "precision_at_5": 0.35,
            "precision_at_10": 0.335,
            "precision_at_20": 0.295,
            "precision_at_100": 0.1525,
            "precision_at_1000": 0.0327,
            "naucs_at_1_max": 0.138157,
            "naucs_at_1_std": -0.252669,
            "naucs_at_1_diff1": 0.540332,
            "naucs_at_3_max": 0.01568,
            "naucs_at_3_std": -0.185156,
            "naucs_at_3_diff1": 0.522287,
            "naucs_at_5_max": 0.004187,
            "naucs_at_5_std": -0.183301,
            "naucs_at_5_diff1": 0.503943,
            "naucs_at_10_max": 0.045721,
            "naucs_at_10_std": -0.205834,
            "naucs_at_10_diff1": 0.519408,
            "naucs_at_20_max": 0.037417,
            "naucs_at_20_std": -0.215163,
            "naucs_at_20_diff1": 0.513509,
            "naucs_at_100_max": 0.037417,
            "naucs_at_100_std": -0.215163,
            "naucs_at_100_diff1": 0.513509,
            "naucs_at_1000_max": 0.036816,
            "naucs_at_1000_std": -0.21339,
            "naucs_at_1000_diff1": 0.513462,
            "mrr_at_1": 0.3,
            "mrr_at_3": 0.45,
            "mrr_at_5": 0.475,
            "mrr_at_10": 0.495139,
            "mrr_at_20": 0.49871,
            "mrr_at_100": 0.49871,
            "mrr_at_1000": 0.499048
          },
          "changed": {
            "ndcg_at_1": 0.55,
            "ndcg_at_3": 0.51634,
            "ndcg_at_5": 0.51874,
            "ndcg_at_10": 0.50063,
            "ndcg_at_20": 0.47494,
            "ndcg_at_100": 0.49094,
            "ndcg_at_1000": 0.70284,
            "map_at_1": 0.01564,
            "map_at_3": 0.04068,
            "map_at_5": 0.06686,
            "map_at_10": 0.10586,
            "map_at_20": 0.166,
            "map_at_100": 0.28179,
            "map_at_1000": 0.35353,
            "recall_at_1": 0.01564,
            "recall_at_3": 0.04319,
            "recall_at_5": 0.07447,
            "recall_at_10": 0.12593,
            "recall_at_20": 0.21023,
            "recall_at_100": 0.46981,
            "recall_at_1000": 1.0,
            "precision_at_1": 0.7,
            "precision_at_3": 0.6,
            "precision_at_5": 0.64,
            "precision_at_10": 0.59,
            "precision_at_20": 0.5,
            "precision_at_100": 0.2565,
            "precision_at_1000": 0.0545,
            "naucs_at_1_max": 0.180148,
            "naucs_at_1_std": -0.612322,
            "naucs_at_1_diff1": 0.638894,
            "naucs_at_3_max": -0.031714,
            "naucs_at_3_std": -0.590503,
            "naucs_at_3_diff1": 0.619492,
            "naucs_at_5_max": -0.02425,
            "naucs_at_5_std": -0.654649,
            "naucs_at_5_diff1": 0.61868,
            "naucs_at_10_max": 0.041825,
            "naucs_at_10_std": -0.658159,
            "naucs_at_10_diff1": 0.603995,
            "naucs_at_20_max": 0.041825,
            "naucs_at_20_std": -0.658159,
            "naucs_at_20_diff1": 0.603995,
            "naucs_at_100_max": 0.033756,
            "naucs_at_100_std": -0.645329,
            "naucs_at_100_diff1": 0.609702,
            "naucs_at_1000_max": 0.033756,
            "naucs_at_1000_std": -0.645329,
            "naucs_at_1000_diff1": 0.609702,
            "mrr_at_1": 0.7,
            "mrr_at_3": 0.775,
            "mrr_at_5": 0.785,
            "mrr_at_10": 0.792143,
            "mrr_at_20": 0.792143,
            "mrr_at_100": 0.794317,
            "mrr_at_1000": 0.794317
          }
        },
        "main_score": 0.037839,
        "hf_subset": "default",
        "languages": [
          "eng-Latn"
        ]
      }
    ]
  },
  "evaluation_time": 856.2681505680084,
  "kg_co2_emissions": null
}