{
  "dataset_revision": "e0144086b45fe31ac125e9ac1a83b6a409bb6ca6",
  "task_name": "News21InstructionRetrieval",
  "mteb_version": "1.38.33",
  "scores": {
    "test": [
      {
        "p-MRR": 0.009956,
        "individual": {
          "original": {
            "ndcg_at_1": 0.14844,
            "ndcg_at_3": 0.20368,
            "ndcg_at_5": 0.2125,
            "ndcg_at_10": 0.26265,
            "ndcg_at_20": 0.33606,
            "ndcg_at_100": 0.4386,
            "ndcg_at_1000": 0.49903,
            "map_at_1": 0.02406,
            "map_at_3": 0.05853,
            "map_at_5": 0.07749,
            "map_at_10": 0.11028,
            "map_at_20": 0.16723,
            "map_at_100": 0.23206,
            "map_at_1000": 0.25058,
            "recall_at_1": 0.02406,
            "recall_at_3": 0.08092,
            "recall_at_5": 0.12342,
            "recall_at_10": 0.22078,
            "recall_at_20": 0.39505,
            "recall_at_100": 0.73229,
            "recall_at_1000": 1.0,
            "precision_at_1": 0.1875,
            "precision_at_3": 0.26042,
            "precision_at_5": 0.26875,
            "precision_at_10": 0.25,
            "precision_at_20": 0.24219,
            "precision_at_100": 0.10531,
            "precision_at_1000": 0.01634,
            "naucs_at_1_max": 0.138051,
            "naucs_at_1_std": -0.283376,
            "naucs_at_1_diff1": -0.08884,
            "naucs_at_3_max": 0.143684,
            "naucs_at_3_std": -0.220059,
            "naucs_at_3_diff1": 0.099456,
            "naucs_at_5_max": 0.078753,
            "naucs_at_5_std": -0.258564,
            "naucs_at_5_diff1": 0.063552,
            "naucs_at_10_max": 0.096232,
            "naucs_at_10_std": -0.258389,
            "naucs_at_10_diff1": 0.047195,
            "naucs_at_20_max": 0.095859,
            "naucs_at_20_std": -0.256473,
            "naucs_at_20_diff1": 0.054091,
            "naucs_at_100_max": 0.103264,
            "naucs_at_100_std": -0.254448,
            "naucs_at_100_diff1": 0.050428,
            "naucs_at_1000_max": 0.103264,
            "naucs_at_1000_std": -0.254448,
            "naucs_at_1000_diff1": 0.050428,
            "mrr_at_1": 0.1875,
            "mrr_at_3": 0.3125,
            "mrr_at_5": 0.360938,
            "mrr_at_10": 0.381672,
            "mrr_at_20": 0.384961,
            "mrr_at_100": 0.386234,
            "mrr_at_1000": 0.386234
          },
          "changed": {
            "ndcg_at_1": 0.39453,
            "ndcg_at_3": 0.47626,
            "ndcg_at_5": 0.46632,
            "ndcg_at_10": 0.49137,
            "ndcg_at_20": 0.52089,
            "ndcg_at_100": 0.61614,
            "ndcg_at_1000": 0.70177,
            "map_at_1": 0.02673,
            "map_at_3": 0.07892,
            "map_at_5": 0.11572,
            "map_at_10": 0.19342,
            "map_at_20": 0.29074,
            "map_at_100": 0.43015,
            "map_at_1000": 0.47354,
            "recall_at_1": 0.02673,
            "recall_at_3": 0.08866,
            "recall_at_5": 0.13202,
            "recall_at_10": 0.23414,
            "recall_at_20": 0.37724,
            "recall_at_100": 0.70069,
            "recall_at_1000": 1.0,
            "precision_at_1": 0.625,
            "precision_at_3": 0.70833,
            "precision_at_5": 0.66875,
            "precision_at_10": 0.6375,
            "precision_at_20": 0.54688,
            "precision_at_100": 0.23563,
            "precision_at_1000": 0.03725,
            "naucs_at_1_max": 0.185319,
            "naucs_at_1_std": -0.301402,
            "naucs_at_1_diff1": -0.071624,
            "naucs_at_3_max": 0.099396,
            "naucs_at_3_std": -0.504174,
            "naucs_at_3_diff1": -0.204094,
            "naucs_at_5_max": 0.099396,
            "naucs_at_5_std": -0.504174,
            "naucs_at_5_diff1": -0.204094,
            "naucs_at_10_max": 0.099396,
            "naucs_at_10_std": -0.504174,
            "naucs_at_10_diff1": -0.204094,
            "naucs_at_20_max": 0.099156,
            "naucs_at_20_std": -0.489661,
            "naucs_at_20_diff1": -0.186221,
            "naucs_at_100_max": 0.099156,
            "naucs_at_100_std": -0.489661,
            "naucs_at_100_diff1": -0.186221,
            "naucs_at_1000_max": 0.099156,
            "naucs_at_1000_std": -0.489661,
            "naucs_at_1000_diff1": -0.186221,
            "mrr_at_1": 0.625,
            "mrr_at_3": 0.786458,
            "mrr_at_5": 0.786458,
            "mrr_at_10": 0.786458,
            "mrr_at_20": 0.788411,
            "mrr_at_100": 0.788411,
            "mrr_at_1000": 0.788411
          }
        },
        "main_score": 0.009956,
        "hf_subset": "default",
        "languages": [
          "eng-Latn"
        ]
      }
    ]
  },
  "evaluation_time": 613.4447085857391,
  "kg_co2_emissions": null
}