{
  "dataset_revision": "e0144086b45fe31ac125e9ac1a83b6a409bb6ca6",
  "task_name": "News21InstructionRetrieval",
  "mteb_version": "1.38.33",
  "scores": {
    "test": [
      {
        "p-MRR": 0.008758,
        "individual": {
          "original": {
            "ndcg_at_1": 0.11719,
            "ndcg_at_3": 0.20064,
            "ndcg_at_5": 0.20712,
            "ndcg_at_10": 0.25475,
            "ndcg_at_20": 0.32826,
            "ndcg_at_100": 0.43053,
            "ndcg_at_1000": 0.49124,
            "map_at_1": 0.01625,
            "map_at_3": 0.05541,
            "map_at_5": 0.07401,
            "map_at_10": 0.10689,
            "map_at_20": 0.1638,
            "map_at_100": 0.2286,
            "map_at_1000": 0.24734,
            "recall_at_1": 0.01625,
            "recall_at_3": 0.08522,
            "recall_at_5": 0.12342,
            "recall_at_10": 0.22078,
            "recall_at_20": 0.39505,
            "recall_at_100": 0.7314,
            "recall_at_1000": 1.0,
            "precision_at_1": 0.15625,
            "precision_at_3": 0.26042,
            "precision_at_5": 0.26875,
            "precision_at_10": 0.25,
            "precision_at_20": 0.24219,
            "precision_at_100": 0.105,
            "precision_at_1000": 0.01634,
            "naucs_at_1_max": -0.07345,
            "naucs_at_1_std": -0.197175,
            "naucs_at_1_diff1": -0.032668,
            "naucs_at_3_max": 0.022628,
            "naucs_at_3_std": -0.201621,
            "naucs_at_3_diff1": 0.125156,
            "naucs_at_5_max": -0.028753,
            "naucs_at_5_std": -0.225579,
            "naucs_at_5_diff1": 0.07926,
            "naucs_at_10_max": -0.02063,
            "naucs_at_10_std": -0.221962,
            "naucs_at_10_diff1": 0.062579,
            "naucs_at_20_max": -0.022461,
            "naucs_at_20_std": -0.219447,
            "naucs_at_20_diff1": 0.070213,
            "naucs_at_100_max": -0.015032,
            "naucs_at_100_std": -0.217125,
            "naucs_at_100_diff1": 0.066802,
            "naucs_at_1000_max": -0.015032,
            "naucs_at_1000_std": -0.217125,
            "naucs_at_1000_diff1": 0.066802,
            "mrr_at_1": 0.15625,
            "mrr_at_3": 0.307292,
            "mrr_at_5": 0.347917,
            "mrr_at_10": 0.369643,
            "mrr_at_20": 0.372932,
            "mrr_at_100": 0.374219,
            "mrr_at_1000": 0.374219
          },
          "changed": {
            "ndcg_at_1": 0.39453,
            "ndcg_at_3": 0.47626,
            "ndcg_at_5": 0.47319,
            "ndcg_at_10": 0.49273,
            "ndcg_at_20": 0.52163,
            "ndcg_at_100": 0.61664,
            "ndcg_at_1000": 0.70219,
            "map_at_1": 0.02673,
            "map_at_3": 0.07892,
            "map_at_5": 0.11662,
            "map_at_10": 0.19463,
            "map_at_20": 0.29162,
            "map_at_100": 0.43086,
            "map_at_1000": 0.4744,
            "recall_at_1": 0.02673,
            "recall_at_3": 0.08866,
            "recall_at_5": 0.13351,
            "recall_at_10": 0.23604,
            "recall_at_20": 0.37791,
            "recall_at_100": 0.7017,
            "recall_at_1000": 1.0,
            "precision_at_1": 0.625,
            "precision_at_3": 0.70833,
            "precision_at_5": 0.675,
            "precision_at_10": 0.6375,
            "precision_at_20": 0.54844,
            "precision_at_100": 0.23594,
            "precision_at_1000": 0.03725,
            "naucs_at_1_max": 0.155217,
            "naucs_at_1_std": -0.301402,
            "naucs_at_1_diff1": -0.060587,
            "naucs_at_3_max": 0.048083,
            "naucs_at_3_std": -0.504174,
            "naucs_at_3_diff1": -0.205804,
            "naucs_at_5_max": 0.048083,
            "naucs_at_5_std": -0.504174,
            "naucs_at_5_diff1": -0.205804,
            "naucs_at_10_max": 0.048083,
            "naucs_at_10_std": -0.504174,
            "naucs_at_10_diff1": -0.205804,
            "naucs_at_20_max": 0.050512,
            "naucs_at_20_std": -0.489661,
            "naucs_at_20_diff1": -0.18795,
            "naucs_at_100_max": 0.050512,
            "naucs_at_100_std": -0.489661,
            "naucs_at_100_diff1": -0.18795,
            "naucs_at_1000_max": 0.050512,
            "naucs_at_1000_std": -0.489661,
            "naucs_at_1000_diff1": -0.18795,
            "mrr_at_1": 0.625,
            "mrr_at_3": 0.786458,
            "mrr_at_5": 0.786458,
            "mrr_at_10": 0.786458,
            "mrr_at_20": 0.788411,
            "mrr_at_100": 0.788411,
            "mrr_at_1000": 0.788411
          }
        },
        "main_score": 0.008758,
        "hf_subset": "default",
        "languages": [
          "eng-Latn"
        ]
      }
    ]
  },
  "evaluation_time": 1440.203985452652,
  "kg_co2_emissions": null
}