{
  "dataset_revision": "a5a1c4fe2bc528ac12e83f8cdf82178da85d2f1d",
  "task_name": "Robust04InstructionRetrieval",
  "mteb_version": "1.38.33",
  "scores": {
    "test": [
      {
        "p-MRR": -0.012096,
        "individual": {
          "original": {
            "ndcg_at_1": 0.34615,
            "ndcg_at_3": 0.30237,
            "ndcg_at_5": 0.32094,
            "ndcg_at_10": 0.31436,
            "ndcg_at_20": 0.32641,
            "ndcg_at_100": 0.42761,
            "ndcg_at_1000": 0.55799,
            "map_at_1": 0.03918,
            "map_at_3": 0.07681,
            "map_at_5": 0.11338,
            "map_at_10": 0.14435,
            "map_at_20": 0.16964,
            "map_at_100": 0.22639,
            "map_at_1000": 0.24948,
            "recall_at_1": 0.03918,
            "recall_at_3": 0.08901,
            "recall_at_5": 0.1567,
            "recall_at_10": 0.22655,
            "recall_at_20": 0.2991,
            "recall_at_100": 0.58438,
            "recall_at_1000": 1.0,
            "precision_at_1": 0.38462,
            "precision_at_3": 0.33333,
            "precision_at_5": 0.33462,
            "precision_at_10": 0.26538,
            "precision_at_20": 0.21442,
            "precision_at_100": 0.09885,
            "precision_at_1000": 0.01981,
            "naucs_at_1_max": 0.338556,
            "naucs_at_1_std": -0.052748,
            "naucs_at_1_diff1": 0.319037,
            "naucs_at_3_max": 0.416838,
            "naucs_at_3_std": 0.04277,
            "naucs_at_3_diff1": 0.271828,
            "naucs_at_5_max": 0.415486,
            "naucs_at_5_std": 0.024863,
            "naucs_at_5_diff1": 0.278291,
            "naucs_at_10_max": 0.409589,
            "naucs_at_10_std": 0.044533,
            "naucs_at_10_diff1": 0.273642,
            "naucs_at_20_max": 0.399798,
            "naucs_at_20_std": 0.027513,
            "naucs_at_20_diff1": 0.276912,
            "naucs_at_100_max": 0.399637,
            "naucs_at_100_std": 0.02698,
            "naucs_at_100_diff1": 0.276576,
            "naucs_at_1000_max": 0.399637,
            "naucs_at_1000_std": 0.02698,
            "naucs_at_1000_diff1": 0.276576,
            "mrr_at_1": 0.384615,
            "mrr_at_3": 0.461538,
            "mrr_at_5": 0.496154,
            "mrr_at_10": 0.515461,
            "mrr_at_20": 0.524251,
            "mrr_at_100": 0.52532,
            "mrr_at_1000": 0.52532
          },
          "changed": {
            "ndcg_at_1": 0.67308,
            "ndcg_at_3": 0.61821,
            "ndcg_at_5": 0.58151,
            "ndcg_at_10": 0.54562,
            "ndcg_at_20": 0.50772,
            "ndcg_at_100": 0.56284,
            "ndcg_at_1000": 0.71311,
            "map_at_1": 0.04851,
            "map_at_3": 0.10745,
            "map_at_5": 0.14789,
            "map_at_10": 0.1979,
            "map_at_20": 0.24609,
            "map_at_100": 0.33931,
            "map_at_1000": 0.37805,
            "recall_at_1": 0.04851,
            "recall_at_3": 0.11031,
            "recall_at_5": 0.16071,
            "recall_at_10": 0.23725,
            "recall_at_20": 0.31194,
            "recall_at_100": 0.60065,
            "recall_at_1000": 1.0,
            "precision_at_1": 0.78846,
            "precision_at_3": 0.71795,
            "precision_at_5": 0.63077,
            "precision_at_10": 0.51731,
            "precision_at_20": 0.39615,
            "precision_at_100": 0.17519,
            "precision_at_1000": 0.03369,
            "naucs_at_1_max": 0.38941,
            "naucs_at_1_std": -0.0942,
            "naucs_at_1_diff1": 0.338147,
            "naucs_at_3_max": 0.456112,
            "naucs_at_3_std": -0.000991,
            "naucs_at_3_diff1": 0.399727,
            "naucs_at_5_max": 0.437494,
            "naucs_at_5_std": -0.025462,
            "naucs_at_5_diff1": 0.420037,
            "naucs_at_10_max": 0.441395,
            "naucs_at_10_std": -0.033943,
            "naucs_at_10_diff1": 0.398804,
            "naucs_at_20_max": 0.438055,
            "naucs_at_20_std": -0.032884,
            "naucs_at_20_diff1": 0.400966,
            "naucs_at_100_max": 0.438164,
            "naucs_at_100_std": -0.033408,
            "naucs_at_100_diff1": 0.400532,
            "naucs_at_1000_max": 0.438164,
            "naucs_at_1000_std": -0.033408,
            "naucs_at_1000_diff1": 0.400532,
            "mrr_at_1": 0.788462,
            "mrr_at_3": 0.814103,
            "mrr_at_5": 0.822756,
            "mrr_at_10": 0.833059,
            "mrr_at_20": 0.834261,
            "mrr_at_100": 0.834467,
            "mrr_at_1000": 0.834467
          }
        },
        "main_score": -0.012096,
        "hf_subset": "default",
        "languages": [
          "eng-Latn"
        ]
      }
    ]
  },
  "evaluation_time": 2336.920110464096,
  "kg_co2_emissions": null
}