{
  "dataset_revision": "a5a1c4fe2bc528ac12e83f8cdf82178da85d2f1d",
  "task_name": "Robust04InstructionRetrieval",
  "mteb_version": "1.38.33",
  "scores": {
    "test": [
      {
        "p-MRR": -0.013264,
        "individual": {
          "original": {
            "ndcg_at_1": 0.34615,
            "ndcg_at_3": 0.30355,
            "ndcg_at_5": 0.31877,
            "ndcg_at_10": 0.31761,
            "ndcg_at_20": 0.32807,
            "ndcg_at_100": 0.42762,
            "ndcg_at_1000": 0.55844,
            "map_at_1": 0.03918,
            "map_at_3": 0.07692,
            "map_at_5": 0.11108,
            "map_at_10": 0.14507,
            "map_at_20": 0.1701,
            "map_at_100": 0.22633,
            "map_at_1000": 0.24951,
            "recall_at_1": 0.03918,
            "recall_at_3": 0.08901,
            "recall_at_5": 0.1519,
            "recall_at_10": 0.22764,
            "recall_at_20": 0.30047,
            "recall_at_100": 0.58309,
            "recall_at_1000": 1.0,
            "precision_at_1": 0.38462,
            "precision_at_3": 0.33333,
            "precision_at_5": 0.33077,
            "precision_at_10": 0.26923,
            "precision_at_20": 0.21538,
            "precision_at_100": 0.09865,
            "precision_at_1000": 0.01981,
            "naucs_at_1_max": 0.347649,
            "naucs_at_1_std": -0.052748,
            "naucs_at_1_diff1": 0.246602,
            "naucs_at_3_max": 0.419595,
            "naucs_at_3_std": 0.053656,
            "naucs_at_3_diff1": 0.213197,
            "naucs_at_5_max": 0.416141,
            "naucs_at_5_std": 0.033413,
            "naucs_at_5_diff1": 0.206216,
            "naucs_at_10_max": 0.411135,
            "naucs_at_10_std": 0.054018,
            "naucs_at_10_diff1": 0.199644,
            "naucs_at_20_max": 0.400941,
            "naucs_at_20_std": 0.036572,
            "naucs_at_20_diff1": 0.206503,
            "naucs_at_100_max": 0.40034,
            "naucs_at_100_std": 0.036064,
            "naucs_at_100_diff1": 0.205923,
            "naucs_at_1000_max": 0.40034,
            "naucs_at_1000_std": 0.036064,
            "naucs_at_1000_diff1": 0.205923,
            "mrr_at_1": 0.384615,
            "mrr_at_3": 0.464744,
            "mrr_at_5": 0.500321,
            "mrr_at_10": 0.519361,
            "mrr_at_20": 0.528397,
            "mrr_at_100": 0.529469,
            "mrr_at_1000": 0.529469
          },
          "changed": {
            "ndcg_at_1": 0.67308,
            "ndcg_at_3": 0.61369,
            "ndcg_at_5": 0.58275,
            "ndcg_at_10": 0.54493,
            "ndcg_at_20": 0.51011,
            "ndcg_at_100": 0.56235,
            "ndcg_at_1000": 0.71292,
            "map_at_1": 0.04851,
            "map_at_3": 0.10606,
            "map_at_5": 0.14797,
            "map_at_10": 0.19741,
            "map_at_20": 0.24678,
            "map_at_100": 0.33885,
            "map_at_1000": 0.37764,
            "recall_at_1": 0.04851,
            "recall_at_3": 0.10892,
            "recall_at_5": 0.16104,
            "recall_at_10": 0.23543,
            "recall_at_20": 0.31603,
            "recall_at_100": 0.59991,
            "recall_at_1000": 1.0,
            "precision_at_1": 0.78846,
            "precision_at_3": 0.70513,
            "precision_at_5": 0.63077,
            "precision_at_10": 0.51538,
            "precision_at_20": 0.39808,
            "precision_at_100": 0.175,
            "precision_at_1000": 0.03369,
            "naucs_at_1_max": 0.328679,
            "naucs_at_1_std": -0.033469,
            "naucs_at_1_diff1": 0.292358,
            "naucs_at_3_max": 0.422074,
            "naucs_at_3_std": 0.044394,
            "naucs_at_3_diff1": 0.348399,
            "naucs_at_5_max": 0.401905,
            "naucs_at_5_std": 0.021989,
            "naucs_at_5_diff1": 0.373151,
            "naucs_at_10_max": 0.40598,
            "naucs_at_10_std": 0.019066,
            "naucs_at_10_diff1": 0.351462,
            "naucs_at_20_max": 0.402127,
            "naucs_at_20_std": 0.020635,
            "naucs_at_20_diff1": 0.353371,
            "naucs_at_100_max": 0.40219,
            "naucs_at_100_std": 0.020168,
            "naucs_at_100_diff1": 0.353093,
            "naucs_at_1000_max": 0.40219,
            "naucs_at_1000_std": 0.020168,
            "naucs_at_1000_diff1": 0.353093,
            "mrr_at_1": 0.788462,
            "mrr_at_3": 0.814103,
            "mrr_at_5": 0.822756,
            "mrr_at_10": 0.832792,
            "mrr_at_20": 0.834074,
            "mrr_at_100": 0.834287,
            "mrr_at_1000": 0.834287
          }
        },
        "main_score": -0.013264,
        "hf_subset": "default",
        "languages": [
          "eng-Latn"
        ]
      }
    ]
  },
  "evaluation_time": 999.8841354846954,
  "kg_co2_emissions": null
}