{
  "dataset_revision": "e39ff896cf3efbbdeeb950e6bd7c79f266995b07",
  "task_name": "Core17InstructionRetrieval",
  "mteb_version": "1.38.33",
  "scores": {
    "test": [
      {
        "p-MRR": 0.013984,
        "individual": {
          "original": {
            "ndcg_at_1": 0.275,
            "ndcg_at_3": 0.25003,
            "ndcg_at_5": 0.22663,
            "ndcg_at_10": 0.24405,
            "ndcg_at_20": 0.2653,
            "ndcg_at_100": 0.34496,
            "ndcg_at_1000": 0.53971,
            "map_at_1": 0.0089,
            "map_at_3": 0.02148,
            "map_at_5": 0.03144,
            "map_at_10": 0.05477,
            "map_at_20": 0.08785,
            "map_at_100": 0.14698,
            "map_at_1000": 0.18658,
            "recall_at_1": 0.0089,
            "recall_at_3": 0.02707,
            "recall_at_5": 0.04983,
            "recall_at_10": 0.10238,
            "recall_at_20": 0.1841,
            "recall_at_100": 0.41693,
            "recall_at_1000": 1.0,
            "precision_at_1": 0.3,
            "precision_at_3": 0.3,
            "precision_at_5": 0.27,
            "precision_at_10": 0.285,
            "precision_at_20": 0.2675,
            "precision_at_100": 0.136,
            "precision_at_1000": 0.0327,
            "naucs_at_1_max": 0.123227,
            "naucs_at_1_std": -0.425956,
            "naucs_at_1_diff1": 0.050669,
            "naucs_at_3_max": -0.04479,
            "naucs_at_3_std": -0.364766,
            "naucs_at_3_diff1": -0.102608,
            "naucs_at_5_max": 0.035328,
            "naucs_at_5_std": -0.348142,
            "naucs_at_5_diff1": -0.043916,
            "naucs_at_10_max": -0.004887,
            "naucs_at_10_std": -0.348402,
            "naucs_at_10_diff1": -0.067792,
            "naucs_at_20_max": 0.020089,
            "naucs_at_20_std": -0.368752,
            "naucs_at_20_diff1": -0.046065,
            "naucs_at_100_max": 0.020089,
            "naucs_at_100_std": -0.368752,
            "naucs_at_100_diff1": -0.046065,
            "naucs_at_1000_max": 0.020734,
            "naucs_at_1000_std": -0.367237,
            "naucs_at_1000_diff1": -0.045927,
            "mrr_at_1": 0.3,
            "mrr_at_3": 0.416667,
            "mrr_at_5": 0.451667,
            "mrr_at_10": 0.464365,
            "mrr_at_20": 0.472036,
            "mrr_at_100": 0.472036,
            "mrr_at_1000": 0.472367
          },
          "changed": {
            "ndcg_at_1": 0.525,
            "ndcg_at_3": 0.5324,
            "ndcg_at_5": 0.49745,
            "ndcg_at_10": 0.45167,
            "ndcg_at_20": 0.4495,
            "ndcg_at_100": 0.46172,
            "ndcg_at_1000": 0.68358,
            "map_at_1": 0.01449,
            "map_at_3": 0.04279,
            "map_at_5": 0.06339,
            "map_at_10": 0.09633,
            "map_at_20": 0.15262,
            "map_at_100": 0.25521,
            "map_at_1000": 0.32079,
            "recall_at_1": 0.01449,
            "recall_at_3": 0.04637,
            "recall_at_5": 0.07022,
            "recall_at_10": 0.11451,
            "recall_at_20": 0.201,
            "recall_at_100": 0.44219,
            "recall_at_1000": 1.0,
            "precision_at_1": 0.65,
            "precision_at_3": 0.66667,
            "precision_at_5": 0.61,
            "precision_at_10": 0.525,
            "precision_at_20": 0.475,
            "precision_at_100": 0.237,
            "precision_at_1000": 0.0545,
            "naucs_at_1_max": 0.625031,
            "naucs_at_1_std": -0.567662,
            "naucs_at_1_diff1": 0.68484,
            "naucs_at_3_max": 0.595991,
            "naucs_at_3_std": -0.721902,
            "naucs_at_3_diff1": 0.623734,
            "naucs_at_5_max": 0.573707,
            "naucs_at_5_std": -0.704548,
            "naucs_at_5_diff1": 0.604323,
            "naucs_at_10_max": 0.573707,
            "naucs_at_10_std": -0.704548,
            "naucs_at_10_diff1": 0.604323,
            "naucs_at_20_max": 0.573707,
            "naucs_at_20_std": -0.704548,
            "naucs_at_20_diff1": 0.604323,
            "naucs_at_100_max": 0.578134,
            "naucs_at_100_std": -0.698395,
            "naucs_at_100_diff1": 0.607184,
            "naucs_at_1000_max": 0.578134,
            "naucs_at_1000_std": -0.698395,
            "naucs_at_1000_diff1": 0.607184,
            "mrr_at_1": 0.65,
            "mrr_at_3": 0.741667,
            "mrr_at_5": 0.764167,
            "mrr_at_10": 0.764167,
            "mrr_at_20": 0.764167,
            "mrr_at_100": 0.765357,
            "mrr_at_1000": 0.765357
          }
        },
        "main_score": 0.013984,
        "hf_subset": "default",
        "languages": [
          "eng-Latn"
        ]
      }
    ]
  },
  "evaluation_time": 357.6093876361847,
  "kg_co2_emissions": null
}