{
  "dataset_revision": "e39ff896cf3efbbdeeb950e6bd7c79f266995b07",
  "task_name": "Core17InstructionRetrieval",
  "mteb_version": "1.38.33",
  "scores": {
    "test": [
      {
        "p-MRR": 0.036301,
        "individual": {
          "original": {
            "ndcg_at_1": 0.25,
            "ndcg_at_3": 0.26594,
            "ndcg_at_5": 0.23956,
            "ndcg_at_10": 0.26979,
            "ndcg_at_20": 0.27944,
            "ndcg_at_100": 0.35368,
            "ndcg_at_1000": 0.54917,
            "map_at_1": 0.00996,
            "map_at_3": 0.02325,
            "map_at_5": 0.03111,
            "map_at_10": 0.05986,
            "map_at_20": 0.09299,
            "map_at_100": 0.15576,
            "map_at_1000": 0.1981,
            "recall_at_1": 0.00996,
            "recall_at_3": 0.03063,
            "recall_at_5": 0.05033,
            "recall_at_10": 0.11157,
            "recall_at_20": 0.19236,
            "recall_at_100": 0.42114,
            "recall_at_1000": 1.0,
            "precision_at_1": 0.35,
            "precision_at_3": 0.33333,
            "precision_at_5": 0.29,
            "precision_at_10": 0.32,
            "precision_at_20": 0.28,
            "precision_at_100": 0.1395,
            "precision_at_1000": 0.0327,
            "naucs_at_1_max": -0.056497,
            "naucs_at_1_std": -0.034083,
            "naucs_at_1_diff1": 0.143582,
            "naucs_at_3_max": -0.076148,
            "naucs_at_3_std": -0.005597,
            "naucs_at_3_diff1": 0.160648,
            "naucs_at_5_max": -0.058025,
            "naucs_at_5_std": -0.050022,
            "naucs_at_5_diff1": 0.117497,
            "naucs_at_10_max": -0.058025,
            "naucs_at_10_std": -0.050022,
            "naucs_at_10_diff1": 0.117497,
            "naucs_at_20_max": -0.042719,
            "naucs_at_20_std": -0.072121,
            "naucs_at_20_diff1": 0.13927,
            "naucs_at_100_max": -0.042719,
            "naucs_at_100_std": -0.072121,
            "naucs_at_100_diff1": 0.13927,
            "naucs_at_1000_max": -0.042899,
            "naucs_at_1000_std": -0.070304,
            "naucs_at_1000_diff1": 0.139288,
            "mrr_at_1": 0.35,
            "mrr_at_3": 0.491667,
            "mrr_at_5": 0.529167,
            "mrr_at_10": 0.529167,
            "mrr_at_20": 0.537284,
            "mrr_at_100": 0.537284,
            "mrr_at_1000": 0.537594
          },
          "changed": {
            "ndcg_at_1": 0.55,
            "ndcg_at_3": 0.51606,
            "ndcg_at_5": 0.50368,
            "ndcg_at_10": 0.4768,
            "ndcg_at_20": 0.45752,
            "ndcg_at_100": 0.4749,
            "ndcg_at_1000": 0.69214,
            "map_at_1": 0.01579,
            "map_at_3": 0.04179,
            "map_at_5": 0.06356,
            "map_at_10": 0.09927,
            "map_at_20": 0.15721,
            "map_at_100": 0.2658,
            "map_at_1000": 0.33637,
            "recall_at_1": 0.01579,
            "recall_at_3": 0.04494,
            "recall_at_5": 0.0706,
            "recall_at_10": 0.116,
            "recall_at_20": 0.20333,
            "recall_at_100": 0.45581,
            "recall_at_1000": 1.0,
            "precision_at_1": 0.7,
            "precision_at_3": 0.63333,
            "precision_at_5": 0.61,
            "precision_at_10": 0.54,
            "precision_at_20": 0.48,
            "precision_at_100": 0.2475,
            "precision_at_1000": 0.0545,
            "naucs_at_1_max": 0.155287,
            "naucs_at_1_std": -0.392632,
            "naucs_at_1_diff1": 0.295893,
            "naucs_at_3_max": 0.248147,
            "naucs_at_3_std": -0.440212,
            "naucs_at_3_diff1": 0.27349,
            "naucs_at_5_max": 0.240264,
            "naucs_at_5_std": -0.534113,
            "naucs_at_5_diff1": 0.230768,
            "naucs_at_10_max": 0.240264,
            "naucs_at_10_std": -0.534113,
            "naucs_at_10_diff1": 0.230768,
            "naucs_at_20_max": 0.240264,
            "naucs_at_20_std": -0.534113,
            "naucs_at_20_diff1": 0.230768,
            "naucs_at_100_max": 0.239454,
            "naucs_at_100_std": -0.525821,
            "naucs_at_100_diff1": 0.233532,
            "naucs_at_1000_max": 0.239454,
            "naucs_at_1000_std": -0.525821,
            "naucs_at_1000_diff1": 0.233532,
            "mrr_at_1": 0.7,
            "mrr_at_3": 0.791667,
            "mrr_at_5": 0.804167,
            "mrr_at_10": 0.804167,
            "mrr_at_20": 0.804167,
            "mrr_at_100": 0.805357,
            "mrr_at_1000": 0.805357
          }
        },
        "main_score": 0.036301,
        "hf_subset": "default",
        "languages": [
          "eng-Latn"
        ]
      }
    ]
  },
  "evaluation_time": 854.8801310062408,
  "kg_co2_emissions": null
}