{
  "dataset_revision": "e0144086b45fe31ac125e9ac1a83b6a409bb6ca6",
  "task_name": "News21InstructionRetrieval",
  "mteb_version": "1.38.33",
  "scores": {
    "test": [
      {
        "p-MRR": 0.011167,
        "individual": {
          "original": {
            "ndcg_at_1": 0.14844,
            "ndcg_at_3": 0.20332,
            "ndcg_at_5": 0.23676,
            "ndcg_at_10": 0.27344,
            "ndcg_at_20": 0.32334,
            "ndcg_at_100": 0.42814,
            "ndcg_at_1000": 0.49765,
            "map_at_1": 0.02406,
            "map_at_3": 0.06211,
            "map_at_5": 0.09799,
            "map_at_10": 0.12561,
            "map_at_20": 0.16594,
            "map_at_100": 0.22333,
            "map_at_1000": 0.24421,
            "recall_at_1": 0.02406,
            "recall_at_3": 0.08246,
            "recall_at_5": 0.15674,
            "recall_at_10": 0.23826,
            "recall_at_20": 0.36503,
            "recall_at_100": 0.68641,
            "recall_at_1000": 1.0,
            "precision_at_1": 0.1875,
            "precision_at_3": 0.28125,
            "precision_at_5": 0.29375,
            "precision_at_10": 0.25625,
            "precision_at_20": 0.22031,
            "precision_at_100": 0.09625,
            "precision_at_1000": 0.01634,
            "naucs_at_1_max": 0.023726,
            "naucs_at_1_std": -0.283376,
            "naucs_at_1_diff1": -0.147694,
            "naucs_at_3_max": 0.059147,
            "naucs_at_3_std": -0.285035,
            "naucs_at_3_diff1": 0.022168,
            "naucs_at_5_max": -0.006051,
            "naucs_at_5_std": -0.271248,
            "naucs_at_5_diff1": -0.050845,
            "naucs_at_10_max": 0.016416,
            "naucs_at_10_std": -0.274435,
            "naucs_at_10_diff1": -0.0596,
            "naucs_at_20_max": 0.009353,
            "naucs_at_20_std": -0.275664,
            "naucs_at_20_diff1": -0.055291,
            "naucs_at_100_max": 0.016511,
            "naucs_at_100_std": -0.278065,
            "naucs_at_100_diff1": -0.055381,
            "naucs_at_1000_max": 0.016511,
            "naucs_at_1000_std": -0.278065,
            "naucs_at_1000_diff1": -0.055381,
            "mrr_at_1": 0.1875,
            "mrr_at_3": 0.3125,
            "mrr_at_5": 0.365625,
            "mrr_at_10": 0.387537,
            "mrr_at_20": 0.391677,
            "mrr_at_100": 0.393201,
            "mrr_at_1000": 0.393201
          },
          "changed": {
            "ndcg_at_1": 0.37891,
            "ndcg_at_3": 0.4569,
            "ndcg_at_5": 0.47392,
            "ndcg_at_10": 0.47399,
            "ndcg_at_20": 0.49456,
            "ndcg_at_100": 0.59827,
            "ndcg_at_1000": 0.68937,
            "map_at_1": 0.02636,
            "map_at_3": 0.08002,
            "map_at_5": 0.12429,
            "map_at_10": 0.1989,
            "map_at_20": 0.27954,
            "map_at_100": 0.41114,
            "map_at_1000": 0.45599,
            "recall_at_1": 0.02636,
            "recall_at_3": 0.08863,
            "recall_at_5": 0.14337,
            "recall_at_10": 0.23896,
            "recall_at_20": 0.35779,
            "recall_at_100": 0.67542,
            "recall_at_1000": 1.0,
            "precision_at_1": 0.625,
            "precision_at_3": 0.71875,
            "precision_at_5": 0.7,
            "precision_at_10": 0.62187,
            "precision_at_20": 0.51562,
            "precision_at_100": 0.22469,
            "precision_at_1000": 0.03725,
            "naucs_at_1_max": 0.273896,
            "naucs_at_1_std": 0.002252,
            "naucs_at_1_diff1": -0.305841,
            "naucs_at_3_max": 0.034915,
            "naucs_at_3_std": -0.317291,
            "naucs_at_3_diff1": -0.338297,
            "naucs_at_5_max": 0.136303,
            "naucs_at_5_std": -0.271814,
            "naucs_at_5_diff1": -0.390066,
            "naucs_at_10_max": 0.136303,
            "naucs_at_10_std": -0.271814,
            "naucs_at_10_diff1": -0.390066,
            "naucs_at_20_max": 0.136303,
            "naucs_at_20_std": -0.271814,
            "naucs_at_20_diff1": -0.390066,
            "naucs_at_100_max": 0.136422,
            "naucs_at_100_std": -0.260059,
            "naucs_at_100_diff1": -0.379221,
            "naucs_at_1000_max": 0.136422,
            "naucs_at_1000_std": -0.260059,
            "naucs_at_1000_diff1": -0.379221,
            "mrr_at_1": 0.625,
            "mrr_at_3": 0.760417,
            "mrr_at_5": 0.776042,
            "mrr_at_10": 0.776042,
            "mrr_at_20": 0.776042,
            "mrr_at_100": 0.777462,
            "mrr_at_1000": 0.777462
          }
        },
        "main_score": 0.011167,
        "hf_subset": "default",
        "languages": [
          "eng-Latn"
        ]
      }
    ]
  },
  "evaluation_time": 1436.7262539863586,
  "kg_co2_emissions": null
}