{
  "dataset_revision": "a5a1c4fe2bc528ac12e83f8cdf82178da85d2f1d",
  "task_name": "Robust04InstructionRetrieval",
  "mteb_version": "1.38.33",
  "scores": {
    "test": [
      {
        "p-MRR": -0.00244,
        "individual": {
          "original": {
            "ndcg_at_1": 0.34615,
            "ndcg_at_3": 0.32481,
            "ndcg_at_5": 0.31735,
            "ndcg_at_10": 0.31204,
            "ndcg_at_20": 0.32888,
            "ndcg_at_100": 0.41324,
            "ndcg_at_1000": 0.55423,
            "map_at_1": 0.0361,
            "map_at_3": 0.07859,
            "map_at_5": 0.112,
            "map_at_10": 0.13994,
            "map_at_20": 0.16738,
            "map_at_100": 0.22008,
            "map_at_1000": 0.24313,
            "recall_at_1": 0.0361,
            "recall_at_3": 0.0951,
            "recall_at_5": 0.15162,
            "recall_at_10": 0.22125,
            "recall_at_20": 0.30329,
            "recall_at_100": 0.53813,
            "recall_at_1000": 1.0,
            "precision_at_1": 0.38462,
            "precision_at_3": 0.35256,
            "precision_at_5": 0.31923,
            "precision_at_10": 0.26346,
            "precision_at_20": 0.2125,
            "precision_at_100": 0.095,
            "precision_at_1000": 0.01981,
            "naucs_at_1_max": 0.345521,
            "naucs_at_1_std": -0.076108,
            "naucs_at_1_diff1": 0.095394,
            "naucs_at_3_max": 0.351878,
            "naucs_at_3_std": -0.131859,
            "naucs_at_3_diff1": 0.080853,
            "naucs_at_5_max": 0.390915,
            "naucs_at_5_std": -0.109254,
            "naucs_at_5_diff1": 0.054736,
            "naucs_at_10_max": 0.367221,
            "naucs_at_10_std": -0.116752,
            "naucs_at_10_diff1": 0.068509,
            "naucs_at_20_max": 0.365056,
            "naucs_at_20_std": -0.112529,
            "naucs_at_20_diff1": 0.074992,
            "naucs_at_100_max": 0.365056,
            "naucs_at_100_std": -0.112529,
            "naucs_at_100_diff1": 0.074992,
            "naucs_at_1000_max": 0.365061,
            "naucs_at_1000_std": -0.112673,
            "naucs_at_1000_diff1": 0.074592,
            "mrr_at_1": 0.384615,
            "mrr_at_3": 0.474359,
            "mrr_at_5": 0.495513,
            "mrr_at_10": 0.520322,
            "mrr_at_20": 0.526735,
            "mrr_at_100": 0.526735,
            "mrr_at_1000": 0.526923
          },
          "changed": {
            "ndcg_at_1": 0.64423,
            "ndcg_at_3": 0.59967,
            "ndcg_at_5": 0.57091,
            "ndcg_at_10": 0.51818,
            "ndcg_at_20": 0.48957,
            "ndcg_at_100": 0.53572,
            "ndcg_at_1000": 0.69666,
            "map_at_1": 0.0391,
            "map_at_3": 0.09618,
            "map_at_5": 0.14096,
            "map_at_10": 0.18124,
            "map_at_20": 0.23098,
            "map_at_100": 0.317,
            "map_at_1000": 0.35662,
            "recall_at_1": 0.0391,
            "recall_at_3": 0.1054,
            "recall_at_5": 0.16027,
            "recall_at_10": 0.21955,
            "recall_at_20": 0.30715,
            "recall_at_100": 0.57242,
            "recall_at_1000": 1.0,
            "precision_at_1": 0.75,
            "precision_at_3": 0.6859,
            "precision_at_5": 0.61923,
            "precision_at_10": 0.48654,
            "precision_at_20": 0.38077,
            "precision_at_100": 0.16673,
            "precision_at_1000": 0.03369,
            "naucs_at_1_max": 0.489307,
            "naucs_at_1_std": 0.124881,
            "naucs_at_1_diff1": 0.313598,
            "naucs_at_3_max": 0.490004,
            "naucs_at_3_std": 0.068167,
            "naucs_at_3_diff1": 0.304669,
            "naucs_at_5_max": 0.491527,
            "naucs_at_5_std": 0.066798,
            "naucs_at_5_diff1": 0.314221,
            "naucs_at_10_max": 0.504875,
            "naucs_at_10_std": 0.061129,
            "naucs_at_10_diff1": 0.338034,
            "naucs_at_20_max": 0.499028,
            "naucs_at_20_std": 0.074589,
            "naucs_at_20_diff1": 0.325054,
            "naucs_at_100_max": 0.498961,
            "naucs_at_100_std": 0.074532,
            "naucs_at_100_diff1": 0.324397,
            "naucs_at_1000_max": 0.498961,
            "naucs_at_1000_std": 0.074532,
            "naucs_at_1000_diff1": 0.324397,
            "mrr_at_1": 0.75,
            "mrr_at_3": 0.804487,
            "mrr_at_5": 0.808333,
            "mrr_at_10": 0.815888,
            "mrr_at_20": 0.819116,
            "mrr_at_100": 0.819314,
            "mrr_at_1000": 0.819314
          }
        },
        "main_score": -0.00244,
        "hf_subset": "default",
        "languages": [
          "eng-Latn"
        ]
      }
    ]
  },
  "evaluation_time": 2330.0092046260834,
  "kg_co2_emissions": null
}