{
  "dataset_revision": "e39ff896cf3efbbdeeb950e6bd7c79f266995b07",
  "task_name": "Core17InstructionRetrieval",
  "mteb_version": "1.38.33",
  "scores": {
    "test": [
      {
        "p-MRR": 0.014875,
        "individual": {
          "original": {
            "ndcg_at_1": 0.2,
            "ndcg_at_3": 0.21231,
            "ndcg_at_5": 0.19321,
            "ndcg_at_10": 0.22407,
            "ndcg_at_20": 0.23208,
            "ndcg_at_100": 0.30937,
            "ndcg_at_1000": 0.51402,
            "map_at_1": 0.00711,
            "map_at_3": 0.01694,
            "map_at_5": 0.02362,
            "map_at_10": 0.04736,
            "map_at_20": 0.07718,
            "map_at_100": 0.12603,
            "map_at_1000": 0.16552,
            "recall_at_1": 0.00711,
            "recall_at_3": 0.02108,
            "recall_at_5": 0.03016,
            "recall_at_10": 0.0933,
            "recall_at_20": 0.16506,
            "recall_at_100": 0.38969,
            "recall_at_1000": 1.0,
            "precision_at_1": 0.25,
            "precision_at_3": 0.26667,
            "precision_at_5": 0.23,
            "precision_at_10": 0.27,
            "precision_at_20": 0.2375,
            "precision_at_100": 0.127,
            "precision_at_1000": 0.0327,
            "naucs_at_1_max": 0.138065,
            "naucs_at_1_std": -0.286944,
            "naucs_at_1_diff1": 0.111585,
            "naucs_at_3_max": 0.29588,
            "naucs_at_3_std": -0.342238,
            "naucs_at_3_diff1": 0.106336,
            "naucs_at_5_max": 0.275336,
            "naucs_at_5_std": -0.309,
            "naucs_at_5_diff1": 0.090129,
            "naucs_at_10_max": 0.269462,
            "naucs_at_10_std": -0.350024,
            "naucs_at_10_diff1": 0.093498,
            "naucs_at_20_max": 0.281493,
            "naucs_at_20_std": -0.337244,
            "naucs_at_20_diff1": 0.079643,
            "naucs_at_100_max": 0.277627,
            "naucs_at_100_std": -0.343735,
            "naucs_at_100_diff1": 0.086268,
            "naucs_at_1000_max": 0.27701,
            "naucs_at_1000_std": -0.342278,
            "naucs_at_1000_diff1": 0.086946,
            "mrr_at_1": 0.25,
            "mrr_at_3": 0.325,
            "mrr_at_5": 0.335,
            "mrr_at_10": 0.385,
            "mrr_at_20": 0.389545,
            "mrr_at_100": 0.391158,
            "mrr_at_1000": 0.391471
          },
          "changed": {
            "ndcg_at_1": 0.4,
            "ndcg_at_3": 0.40712,
            "ndcg_at_5": 0.40679,
            "ndcg_at_10": 0.392,
            "ndcg_at_20": 0.37962,
            "ndcg_at_100": 0.411,
            "ndcg_at_1000": 0.64523,
            "map_at_1": 0.00933,
            "map_at_3": 0.02622,
            "map_at_5": 0.04,
            "map_at_10": 0.07254,
            "map_at_20": 0.1185,
            "map_at_100": 0.21163,
            "map_at_1000": 0.27707,
            "recall_at_1": 0.00933,
            "recall_at_3": 0.03168,
            "recall_at_5": 0.05289,
            "recall_at_10": 0.10165,
            "recall_at_20": 0.17397,
            "recall_at_100": 0.41374,
            "recall_at_1000": 1.0,
            "precision_at_1": 0.5,
            "precision_at_3": 0.51667,
            "precision_at_5": 0.5,
            "precision_at_10": 0.47,
            "precision_at_20": 0.4125,
            "precision_at_100": 0.2205,
            "precision_at_1000": 0.0545,
            "naucs_at_1_max": 0.009993,
            "naucs_at_1_std": -0.268421,
            "naucs_at_1_diff1": -0.094937,
            "naucs_at_3_max": 0.008138,
            "naucs_at_3_std": -0.505358,
            "naucs_at_3_diff1": -0.037512,
            "naucs_at_5_max": 0.02386,
            "naucs_at_5_std": -0.452088,
            "naucs_at_5_diff1": -0.074884,
            "naucs_at_10_max": 0.039023,
            "naucs_at_10_std": -0.447662,
            "naucs_at_10_diff1": -0.102527,
            "naucs_at_20_max": 0.039023,
            "naucs_at_20_std": -0.447662,
            "naucs_at_20_diff1": -0.102527,
            "naucs_at_100_max": 0.030905,
            "naucs_at_100_std": -0.452426,
            "naucs_at_100_diff1": -0.091718,
            "naucs_at_1000_max": 0.030905,
            "naucs_at_1000_std": -0.452426,
            "naucs_at_1000_diff1": -0.091718,
            "mrr_at_1": 0.5,
            "mrr_at_3": 0.608333,
            "mrr_at_5": 0.628333,
            "mrr_at_10": 0.635476,
            "mrr_at_20": 0.635476,
            "mrr_at_100": 0.638283,
            "mrr_at_1000": 0.638283
          }
        },
        "main_score": 0.014875,
        "hf_subset": "default",
        "languages": [
          "eng-Latn"
        ]
      }
    ]
  },
  "evaluation_time": 358.3186662197113,
  "kg_co2_emissions": null
}