{
  "dataset_revision": "e39ff896cf3efbbdeeb950e6bd7c79f266995b07",
  "task_name": "Core17InstructionRetrieval",
  "mteb_version": "1.38.33",
  "scores": {
    "test": [
      {
        "p-MRR": 0.018087,
        "individual": {
          "original": {
            "ndcg_at_1": 0.2,
            "ndcg_at_3": 0.15703,
            "ndcg_at_5": 0.15655,
            "ndcg_at_10": 0.155,
            "ndcg_at_20": 0.15158,
            "ndcg_at_100": 0.21717,
            "ndcg_at_1000": 0.46006,
            "map_at_1": 0.00837,
            "map_at_3": 0.01383,
            "map_at_5": 0.01838,
            "map_at_10": 0.02965,
            "map_at_20": 0.04019,
            "map_at_100": 0.06791,
            "map_at_1000": 0.10527,
            "recall_at_1": 0.00837,
            "recall_at_3": 0.01638,
            "recall_at_5": 0.02879,
            "recall_at_10": 0.05786,
            "recall_at_20": 0.09144,
            "recall_at_100": 0.27531,
            "recall_at_1000": 1.0,
            "precision_at_1": 0.3,
            "precision_at_3": 0.2,
            "precision_at_5": 0.19,
            "precision_at_10": 0.185,
            "precision_at_20": 0.1525,
            "precision_at_100": 0.0905,
            "precision_at_1000": 0.0327,
            "naucs_at_1_max": 0.102959,
            "naucs_at_1_std": -0.125929,
            "naucs_at_1_diff1": 0.170585,
            "naucs_at_3_max": 0.164856,
            "naucs_at_3_std": -0.076486,
            "naucs_at_3_diff1": 0.094551,
            "naucs_at_5_max": 0.116378,
            "naucs_at_5_std": -0.030318,
            "naucs_at_5_diff1": 0.140481,
            "naucs_at_10_max": 0.135842,
            "naucs_at_10_std": -0.035422,
            "naucs_at_10_diff1": 0.109443,
            "naucs_at_20_max": 0.146768,
            "naucs_at_20_std": -0.041902,
            "naucs_at_20_diff1": 0.125234,
            "naucs_at_100_max": 0.136663,
            "naucs_at_100_std": -0.051997,
            "naucs_at_100_diff1": 0.121773,
            "naucs_at_1000_max": 0.136663,
            "naucs_at_1000_std": -0.051997,
            "naucs_at_1000_diff1": 0.121773,
            "mrr_at_1": 0.3,
            "mrr_at_3": 0.358333,
            "mrr_at_5": 0.390833,
            "mrr_at_10": 0.417262,
            "mrr_at_20": 0.42004,
            "mrr_at_100": 0.425884,
            "mrr_at_1000": 0.425884
          },
          "changed": {
            "ndcg_at_1": 0.4,
            "ndcg_at_3": 0.3329,
            "ndcg_at_5": 0.32455,
            "ndcg_at_10": 0.28977,
            "ndcg_at_20": 0.26744,
            "ndcg_at_100": 0.29416,
            "ndcg_at_1000": 0.57585,
            "map_at_1": 0.01219,
            "map_at_3": 0.03038,
            "map_at_5": 0.03986,
            "map_at_10": 0.05633,
            "map_at_20": 0.07248,
            "map_at_100": 0.11583,
            "map_at_1000": 0.17597,
            "recall_at_1": 0.01219,
            "recall_at_3": 0.03806,
            "recall_at_5": 0.05363,
            "recall_at_10": 0.07947,
            "recall_at_20": 0.11525,
            "recall_at_100": 0.29692,
            "recall_at_1000": 1.0,
            "precision_at_1": 0.5,
            "precision_at_3": 0.41667,
            "precision_at_5": 0.42,
            "precision_at_10": 0.345,
            "precision_at_20": 0.28,
            "precision_at_100": 0.156,
            "precision_at_1000": 0.0545,
            "naucs_at_1_max": 0.049634,
            "naucs_at_1_std": -0.41992,
            "naucs_at_1_diff1": -0.069021,
            "naucs_at_3_max": 0.037119,
            "naucs_at_3_std": -0.195114,
            "naucs_at_3_diff1": -0.131184,
            "naucs_at_5_max": 0.009643,
            "naucs_at_5_std": -0.211519,
            "naucs_at_5_diff1": -0.151866,
            "naucs_at_10_max": 0.009643,
            "naucs_at_10_std": -0.211519,
            "naucs_at_10_diff1": -0.151866,
            "naucs_at_20_max": 0.040769,
            "naucs_at_20_std": -0.219791,
            "naucs_at_20_diff1": -0.128108,
            "naucs_at_100_max": 0.032896,
            "naucs_at_100_std": -0.229803,
            "naucs_at_100_diff1": -0.136295,
            "naucs_at_1000_max": 0.032896,
            "naucs_at_1000_std": -0.229803,
            "naucs_at_1000_diff1": -0.136295,
            "mrr_at_1": 0.5,
            "mrr_at_3": 0.6,
            "mrr_at_5": 0.62,
            "mrr_at_10": 0.62,
            "mrr_at_20": 0.627487,
            "mrr_at_100": 0.629759,
            "mrr_at_1000": 0.629759
          }
        },
        "main_score": 0.018087,
        "hf_subset": "default",
        "languages": [
          "eng-Latn"
        ]
      }
    ]
  },
  "evaluation_time": 935.5289876461029,
  "kg_co2_emissions": null
}