{
  "dataset_revision": "e39ff896cf3efbbdeeb950e6bd7c79f266995b07",
  "task_name": "Core17InstructionRetrieval",
  "mteb_version": "1.38.33",
  "scores": {
    "test": [
      {
        "p-MRR": 0.033027,
        "individual": {
          "original": {
            "ndcg_at_1": 0.3,
            "ndcg_at_3": 0.28165,
            "ndcg_at_5": 0.27979,
            "ndcg_at_10": 0.28516,
            "ndcg_at_20": 0.30132,
            "ndcg_at_100": 0.37909,
            "ndcg_at_1000": 0.56536,
            "map_at_1": 0.01138,
            "map_at_3": 0.02588,
            "map_at_5": 0.03876,
            "map_at_10": 0.06492,
            "map_at_20": 0.10442,
            "map_at_100": 0.17577,
            "map_at_1000": 0.21793,
            "recall_at_1": 0.01138,
            "recall_at_3": 0.03428,
            "recall_at_5": 0.05898,
            "recall_at_10": 0.10943,
            "recall_at_20": 0.20249,
            "recall_at_100": 0.44714,
            "recall_at_1000": 1.0,
            "precision_at_1": 0.4,
            "precision_at_3": 0.35,
            "precision_at_5": 0.36,
            "precision_at_10": 0.33,
            "precision_at_20": 0.2925,
            "precision_at_100": 0.148,
            "precision_at_1000": 0.0327,
            "naucs_at_1_max": 0.054776,
            "naucs_at_1_std": 0.157956,
            "naucs_at_1_diff1": 0.535723,
            "naucs_at_3_max": -0.06013,
            "naucs_at_3_std": 0.175066,
            "naucs_at_3_diff1": 0.440113,
            "naucs_at_5_max": -0.065591,
            "naucs_at_5_std": 0.120114,
            "naucs_at_5_diff1": 0.446828,
            "naucs_at_10_max": -0.009141,
            "naucs_at_10_std": 0.124527,
            "naucs_at_10_diff1": 0.466188,
            "naucs_at_20_max": -0.018004,
            "naucs_at_20_std": 0.119321,
            "naucs_at_20_diff1": 0.461303,
            "naucs_at_100_max": -0.018004,
            "naucs_at_100_std": 0.119321,
            "naucs_at_100_diff1": 0.461303,
            "naucs_at_1000_max": -0.018155,
            "naucs_at_1000_std": 0.12132,
            "naucs_at_1000_diff1": 0.461667,
            "mrr_at_1": 0.4,
            "mrr_at_3": 0.5,
            "mrr_at_5": 0.5375,
            "mrr_at_10": 0.551389,
            "mrr_at_20": 0.55496,
            "mrr_at_100": 0.55496,
            "mrr_at_1000": 0.555277
          },
          "changed": {
            "ndcg_at_1": 0.6,
            "ndcg_at_3": 0.5426,
            "ndcg_at_5": 0.51401,
            "ndcg_at_10": 0.50495,
            "ndcg_at_20": 0.47187,
            "ndcg_at_100": 0.49217,
            "ndcg_at_1000": 0.70451,
            "map_at_1": 0.01656,
            "map_at_3": 0.04344,
            "map_at_5": 0.06704,
            "map_at_10": 0.11172,
            "map_at_20": 0.16486,
            "map_at_100": 0.28376,
            "map_at_1000": 0.35551,
            "recall_at_1": 0.01656,
            "recall_at_3": 0.04572,
            "recall_at_5": 0.0727,
            "recall_at_10": 0.13092,
            "recall_at_20": 0.21301,
            "recall_at_100": 0.46931,
            "recall_at_1000": 1.0,
            "precision_at_1": 0.75,
            "precision_at_3": 0.65,
            "precision_at_5": 0.62,
            "precision_at_10": 0.59,
            "precision_at_20": 0.4875,
            "precision_at_100": 0.255,
            "precision_at_1000": 0.0545,
            "naucs_at_1_max": -0.096494,
            "naucs_at_1_std": -0.585139,
            "naucs_at_1_diff1": 0.455468,
            "naucs_at_3_max": -0.27062,
            "naucs_at_3_std": -0.571811,
            "naucs_at_3_diff1": 0.528884,
            "naucs_at_5_max": -0.27062,
            "naucs_at_5_std": -0.571811,
            "naucs_at_5_diff1": 0.528884,
            "naucs_at_10_max": -0.20077,
            "naucs_at_10_std": -0.632822,
            "naucs_at_10_diff1": 0.492424,
            "naucs_at_20_max": -0.210184,
            "naucs_at_20_std": -0.614172,
            "naucs_at_20_diff1": 0.498651,
            "naucs_at_100_max": -0.210184,
            "naucs_at_100_std": -0.614172,
            "naucs_at_100_diff1": 0.498651,
            "naucs_at_1000_max": -0.210184,
            "naucs_at_1000_std": -0.614172,
            "naucs_at_1000_diff1": 0.498651,
            "mrr_at_1": 0.75,
            "mrr_at_3": 0.8,
            "mrr_at_5": 0.8,
            "mrr_at_10": 0.816667,
            "mrr_at_20": 0.819444,
            "mrr_at_100": 0.819444,
            "mrr_at_1000": 0.819444
          }
        },
        "main_score": 0.033027,
        "hf_subset": "default",
        "languages": [
          "eng-Latn"
        ]
      }
    ]
  },
  "evaluation_time": 854.2062010765076,
  "kg_co2_emissions": null
}