{
  "dataset_revision": "e0144086b45fe31ac125e9ac1a83b6a409bb6ca6",
  "task_name": "News21InstructionRetrieval",
  "mteb_version": "1.38.33",
  "scores": {
    "test": [
      {
        "p-MRR": 0.013694,
        "individual": {
          "original": {
            "ndcg_at_1": 0.11719,
            "ndcg_at_3": 0.17744,
            "ndcg_at_5": 0.19821,
            "ndcg_at_10": 0.24327,
            "ndcg_at_20": 0.31723,
            "ndcg_at_100": 0.42208,
            "ndcg_at_1000": 0.48465,
            "map_at_1": 0.01625,
            "map_at_3": 0.05341,
            "map_at_5": 0.07354,
            "map_at_10": 0.10617,
            "map_at_20": 0.16126,
            "map_at_100": 0.22252,
            "map_at_1000": 0.24182,
            "recall_at_1": 0.01625,
            "recall_at_3": 0.07901,
            "recall_at_5": 0.12467,
            "recall_at_10": 0.22543,
            "recall_at_20": 0.39421,
            "recall_at_100": 0.7186,
            "recall_at_1000": 1.0,
            "precision_at_1": 0.15625,
            "precision_at_3": 0.25,
            "precision_at_5": 0.26875,
            "precision_at_10": 0.24688,
            "precision_at_20": 0.2375,
            "precision_at_100": 0.10312,
            "precision_at_1000": 0.01634,
            "naucs_at_1_max": -0.191843,
            "naucs_at_1_std": -0.197175,
            "naucs_at_1_diff1": -0.043073,
            "naucs_at_3_max": -0.069834,
            "naucs_at_3_std": -0.164402,
            "naucs_at_3_diff1": 0.077259,
            "naucs_at_5_max": -0.130136,
            "naucs_at_5_std": -0.194621,
            "naucs_at_5_diff1": 0.009627,
            "naucs_at_10_max": -0.129147,
            "naucs_at_10_std": -0.194827,
            "naucs_at_10_diff1": -0.012115,
            "naucs_at_20_max": -0.128409,
            "naucs_at_20_std": -0.19523,
            "naucs_at_20_diff1": 0.003564,
            "naucs_at_100_max": -0.121248,
            "naucs_at_100_std": -0.193478,
            "naucs_at_100_diff1": 0.00051,
            "naucs_at_1000_max": -0.121248,
            "naucs_at_1000_std": -0.193478,
            "naucs_at_1000_diff1": 0.00051,
            "mrr_at_1": 0.15625,
            "mrr_at_3": 0.296875,
            "mrr_at_5": 0.34375,
            "mrr_at_10": 0.363616,
            "mrr_at_20": 0.367411,
            "mrr_at_100": 0.368815,
            "mrr_at_1000": 0.368815
          },
          "changed": {
            "ndcg_at_1": 0.44531,
            "ndcg_at_3": 0.49914,
            "ndcg_at_5": 0.48005,
            "ndcg_at_10": 0.49186,
            "ndcg_at_20": 0.52684,
            "ndcg_at_100": 0.61777,
            "ndcg_at_1000": 0.70587,
            "map_at_1": 0.02954,
            "map_at_3": 0.08171,
            "map_at_5": 0.11868,
            "map_at_10": 0.19473,
            "map_at_20": 0.29164,
            "map_at_100": 0.43012,
            "map_at_1000": 0.47349,
            "recall_at_1": 0.02954,
            "recall_at_3": 0.08933,
            "recall_at_5": 0.13355,
            "recall_at_10": 0.23542,
            "recall_at_20": 0.37981,
            "recall_at_100": 0.69576,
            "recall_at_1000": 1.0,
            "precision_at_1": 0.6875,
            "precision_at_3": 0.71875,
            "precision_at_5": 0.675,
            "precision_at_10": 0.62813,
            "precision_at_20": 0.54531,
            "precision_at_100": 0.23406,
            "precision_at_1000": 0.03725,
            "naucs_at_1_max": -0.019616,
            "naucs_at_1_std": -0.314071,
            "naucs_at_1_diff1": -0.30066,
            "naucs_at_3_max": -0.109791,
            "naucs_at_3_std": -0.536852,
            "naucs_at_3_diff1": -0.438189,
            "naucs_at_5_max": -0.109791,
            "naucs_at_5_std": -0.536852,
            "naucs_at_5_diff1": -0.438189,
            "naucs_at_10_max": -0.109791,
            "naucs_at_10_std": -0.536852,
            "naucs_at_10_diff1": -0.438189,
            "naucs_at_20_max": -0.109174,
            "naucs_at_20_std": -0.523651,
            "naucs_at_20_diff1": -0.423957,
            "naucs_at_100_max": -0.109174,
            "naucs_at_100_std": -0.523651,
            "naucs_at_100_diff1": -0.423957,
            "naucs_at_1000_max": -0.109174,
            "naucs_at_1000_std": -0.523651,
            "naucs_at_1000_diff1": -0.423957,
            "mrr_at_1": 0.6875,
            "mrr_at_3": 0.817708,
            "mrr_at_5": 0.817708,
            "mrr_at_10": 0.817708,
            "mrr_at_20": 0.819353,
            "mrr_at_100": 0.819353,
            "mrr_at_1000": 0.819353
          }
        },
        "main_score": 0.013694,
        "hf_subset": "default",
        "languages": [
          "eng-Latn"
        ]
      }
    ]
  },
  "evaluation_time": 1437.7066991329193,
  "kg_co2_emissions": null
}