{
  "dataset_revision": "a5a1c4fe2bc528ac12e83f8cdf82178da85d2f1d",
  "task_name": "Robust04InstructionRetrieval",
  "mteb_version": "1.38.33",
  "scores": {
    "test": [
      {
        "p-MRR": -0.004822,
        "individual": {
          "original": {
            "ndcg_at_1": 0.39423,
            "ndcg_at_3": 0.32215,
            "ndcg_at_5": 0.33357,
            "ndcg_at_10": 0.32345,
            "ndcg_at_20": 0.33832,
            "ndcg_at_100": 0.43311,
            "ndcg_at_1000": 0.56454,
            "map_at_1": 0.0502,
            "map_at_3": 0.08414,
            "map_at_5": 0.12115,
            "map_at_10": 0.15197,
            "map_at_20": 0.17768,
            "map_at_100": 0.23238,
            "map_at_1000": 0.25533,
            "recall_at_1": 0.0502,
            "recall_at_3": 0.09135,
            "recall_at_5": 0.15987,
            "recall_at_10": 0.22959,
            "recall_at_20": 0.31062,
            "recall_at_100": 0.58155,
            "recall_at_1000": 1.0,
            "precision_at_1": 0.44231,
            "precision_at_3": 0.33974,
            "precision_at_5": 0.33846,
            "precision_at_10": 0.26346,
            "precision_at_20": 0.21923,
            "precision_at_100": 0.09827,
            "precision_at_1000": 0.01981,
            "naucs_at_1_max": 0.402317,
            "naucs_at_1_std": -0.082848,
            "naucs_at_1_diff1": 0.294768,
            "naucs_at_3_max": 0.442179,
            "naucs_at_3_std": -0.004218,
            "naucs_at_3_diff1": 0.338817,
            "naucs_at_5_max": 0.44989,
            "naucs_at_5_std": -0.005984,
            "naucs_at_5_diff1": 0.317091,
            "naucs_at_10_max": 0.442742,
            "naucs_at_10_std": -0.008414,
            "naucs_at_10_diff1": 0.324236,
            "naucs_at_20_max": 0.43226,
            "naucs_at_20_std": -0.016322,
            "naucs_at_20_diff1": 0.317296,
            "naucs_at_100_max": 0.432795,
            "naucs_at_100_std": -0.016444,
            "naucs_at_100_diff1": 0.318069,
            "naucs_at_1000_max": 0.432795,
            "naucs_at_1000_std": -0.016444,
            "naucs_at_1000_diff1": 0.318069,
            "mrr_at_1": 0.442308,
            "mrr_at_3": 0.487179,
            "mrr_at_5": 0.520833,
            "mrr_at_10": 0.538591,
            "mrr_at_20": 0.549968,
            "mrr_at_100": 0.550242,
            "mrr_at_1000": 0.550242
          },
          "changed": {
            "ndcg_at_1": 0.66346,
            "ndcg_at_3": 0.63088,
            "ndcg_at_5": 0.58375,
            "ndcg_at_10": 0.54299,
            "ndcg_at_20": 0.5077,
            "ndcg_at_100": 0.56213,
            "ndcg_at_1000": 0.71322,
            "map_at_1": 0.04824,
            "map_at_3": 0.1105,
            "map_at_5": 0.14837,
            "map_at_10": 0.19822,
            "map_at_20": 0.247,
            "map_at_100": 0.33831,
            "map_at_1000": 0.37723,
            "recall_at_1": 0.04824,
            "recall_at_3": 0.11401,
            "recall_at_5": 0.15765,
            "recall_at_10": 0.23407,
            "recall_at_20": 0.31093,
            "recall_at_100": 0.60066,
            "recall_at_1000": 1.0,
            "precision_at_1": 0.76923,
            "precision_at_3": 0.73077,
            "precision_at_5": 0.63462,
            "precision_at_10": 0.51154,
            "precision_at_20": 0.39423,
            "precision_at_100": 0.17269,
            "precision_at_1000": 0.03369,
            "naucs_at_1_max": 0.444665,
            "naucs_at_1_std": -0.143667,
            "naucs_at_1_diff1": 0.462323,
            "naucs_at_3_max": 0.493698,
            "naucs_at_3_std": -0.023588,
            "naucs_at_3_diff1": 0.484252,
            "naucs_at_5_max": 0.487273,
            "naucs_at_5_std": -0.036118,
            "naucs_at_5_diff1": 0.485655,
            "naucs_at_10_max": 0.489775,
            "naucs_at_10_std": -0.046818,
            "naucs_at_10_diff1": 0.493268,
            "naucs_at_20_max": 0.484147,
            "naucs_at_20_std": -0.049609,
            "naucs_at_20_diff1": 0.487696,
            "naucs_at_100_max": 0.484319,
            "naucs_at_100_std": -0.050157,
            "naucs_at_100_diff1": 0.487872,
            "naucs_at_1000_max": 0.484319,
            "naucs_at_1000_std": -0.050157,
            "naucs_at_1000_diff1": 0.487872,
            "mrr_at_1": 0.769231,
            "mrr_at_3": 0.804487,
            "mrr_at_5": 0.808333,
            "mrr_at_10": 0.818712,
            "mrr_at_20": 0.821322,
            "mrr_at_100": 0.821543,
            "mrr_at_1000": 0.821543
          }
        },
        "main_score": -0.004822,
        "hf_subset": "default",
        "languages": [
          "eng-Latn"
        ]
      }
    ]
  },
  "evaluation_time": 2329.4404678344727,
  "kg_co2_emissions": null
}