{
  "dataset_revision": "e39ff896cf3efbbdeeb950e6bd7c79f266995b07",
  "task_name": "Core17InstructionRetrieval",
  "mteb_version": "1.38.33",
  "scores": {
    "test": [
      {
        "p-MRR": 0.02545,
        "individual": {
          "original": {
            "ndcg_at_1": 0.25,
            "ndcg_at_3": 0.26579,
            "ndcg_at_5": 0.25125,
            "ndcg_at_10": 0.24804,
            "ndcg_at_20": 0.27614,
            "ndcg_at_100": 0.35342,
            "ndcg_at_1000": 0.54781,
            "map_at_1": 0.00996,
            "map_at_3": 0.02654,
            "map_at_5": 0.03452,
            "map_at_10": 0.05463,
            "map_at_20": 0.09014,
            "map_at_100": 0.15166,
            "map_at_1000": 0.19416,
            "recall_at_1": 0.00996,
            "recall_at_3": 0.03599,
            "recall_at_5": 0.05224,
            "recall_at_10": 0.09798,
            "recall_at_20": 0.1914,
            "recall_at_100": 0.42426,
            "recall_at_1000": 1.0,
            "precision_at_1": 0.35,
            "precision_at_3": 0.33333,
            "precision_at_5": 0.3,
            "precision_at_10": 0.285,
            "precision_at_20": 0.275,
            "precision_at_100": 0.1395,
            "precision_at_1000": 0.0327,
            "naucs_at_1_max": -0.035731,
            "naucs_at_1_std": -0.043312,
            "naucs_at_1_diff1": 0.314523,
            "naucs_at_3_max": 0.01538,
            "naucs_at_3_std": 0.008835,
            "naucs_at_3_diff1": 0.192652,
            "naucs_at_5_max": 0.010969,
            "naucs_at_5_std": -0.025069,
            "naucs_at_5_diff1": 0.194529,
            "naucs_at_10_max": 0.055593,
            "naucs_at_10_std": -0.03747,
            "naucs_at_10_diff1": 0.255436,
            "naucs_at_20_max": 0.044897,
            "naucs_at_20_std": -0.046074,
            "naucs_at_20_diff1": 0.248484,
            "naucs_at_100_max": 0.044897,
            "naucs_at_100_std": -0.046074,
            "naucs_at_100_diff1": 0.248484,
            "naucs_at_1000_max": 0.0444,
            "naucs_at_1000_std": -0.044418,
            "naucs_at_1000_diff1": 0.247749,
            "mrr_at_1": 0.35,
            "mrr_at_3": 0.483333,
            "mrr_at_5": 0.503333,
            "mrr_at_10": 0.52506,
            "mrr_at_20": 0.528393,
            "mrr_at_100": 0.528393,
            "mrr_at_1000": 0.52868
          },
          "changed": {
            "ndcg_at_1": 0.525,
            "ndcg_at_3": 0.49846,
            "ndcg_at_5": 0.48958,
            "ndcg_at_10": 0.47338,
            "ndcg_at_20": 0.44655,
            "ndcg_at_100": 0.46253,
            "ndcg_at_1000": 0.6859,
            "map_at_1": 0.01487,
            "map_at_3": 0.0405,
            "map_at_5": 0.05947,
            "map_at_10": 0.09862,
            "map_at_20": 0.15024,
            "map_at_100": 0.25598,
            "map_at_1000": 0.32782,
            "recall_at_1": 0.01487,
            "recall_at_3": 0.04329,
            "recall_at_5": 0.0672,
            "recall_at_10": 0.11971,
            "recall_at_20": 0.19668,
            "recall_at_100": 0.44022,
            "recall_at_1000": 1.0,
            "precision_at_1": 0.65,
            "precision_at_3": 0.6,
            "precision_at_5": 0.59,
            "precision_at_10": 0.545,
            "precision_at_20": 0.465,
            "precision_at_100": 0.241,
            "precision_at_1000": 0.0545,
            "naucs_at_1_max": 0.237367,
            "naucs_at_1_std": -0.266661,
            "naucs_at_1_diff1": 0.605094,
            "naucs_at_3_max": 0.155002,
            "naucs_at_3_std": -0.347064,
            "naucs_at_3_diff1": 0.553829,
            "naucs_at_5_max": 0.211635,
            "naucs_at_5_std": -0.422548,
            "naucs_at_5_diff1": 0.591165,
            "naucs_at_10_max": 0.211635,
            "naucs_at_10_std": -0.422548,
            "naucs_at_10_diff1": 0.591165,
            "naucs_at_20_max": 0.211635,
            "naucs_at_20_std": -0.422548,
            "naucs_at_20_diff1": 0.591165,
            "naucs_at_100_max": 0.208158,
            "naucs_at_100_std": -0.413576,
            "naucs_at_100_diff1": 0.589271,
            "naucs_at_1000_max": 0.208158,
            "naucs_at_1000_std": -0.413576,
            "naucs_at_1000_diff1": 0.589271,
            "mrr_at_1": 0.65,
            "mrr_at_3": 0.716667,
            "mrr_at_5": 0.751667,
            "mrr_at_10": 0.751667,
            "mrr_at_20": 0.751667,
            "mrr_at_100": 0.753095,
            "mrr_at_1000": 0.753095
          }
        },
        "main_score": 0.02545,
        "hf_subset": "default",
        "languages": [
          "eng-Latn"
        ]
      }
    ]
  },
  "evaluation_time": 364.86913299560547,
  "kg_co2_emissions": null
}