{
  "dataset_revision": "e39ff896cf3efbbdeeb950e6bd7c79f266995b07",
  "task_name": "Core17InstructionRetrieval",
  "mteb_version": "1.38.33",
  "scores": {
    "test": [
      {
        "p-MRR": -0.001391,
        "individual": {
          "original": {
            "ndcg_at_1": 0.2,
            "ndcg_at_3": 0.20307,
            "ndcg_at_5": 0.21667,
            "ndcg_at_10": 0.24089,
            "ndcg_at_20": 0.24562,
            "ndcg_at_100": 0.31743,
            "ndcg_at_1000": 0.52354,
            "map_at_1": 0.00677,
            "map_at_3": 0.01675,
            "map_at_5": 0.0267,
            "map_at_10": 0.05076,
            "map_at_20": 0.08117,
            "map_at_100": 0.13161,
            "map_at_1000": 0.17363,
            "recall_at_1": 0.00677,
            "recall_at_3": 0.01985,
            "recall_at_5": 0.04444,
            "recall_at_10": 0.09727,
            "recall_at_20": 0.16822,
            "recall_at_100": 0.38927,
            "recall_at_1000": 1.0,
            "precision_at_1": 0.25,
            "precision_at_3": 0.25,
            "precision_at_5": 0.27,
            "precision_at_10": 0.285,
            "precision_at_20": 0.25,
            "precision_at_100": 0.128,
            "precision_at_1000": 0.0327,
            "naucs_at_1_max": -0.031041,
            "naucs_at_1_std": -0.188819,
            "naucs_at_1_diff1": 0.060831,
            "naucs_at_3_max": -0.098818,
            "naucs_at_3_std": -0.250325,
            "naucs_at_3_diff1": -0.097125,
            "naucs_at_5_max": 0.005133,
            "naucs_at_5_std": -0.227928,
            "naucs_at_5_diff1": -0.049188,
            "naucs_at_10_max": -0.019463,
            "naucs_at_10_std": -0.265113,
            "naucs_at_10_diff1": -0.064821,
            "naucs_at_20_max": -0.033769,
            "naucs_at_20_std": -0.273392,
            "naucs_at_20_diff1": -0.079681,
            "naucs_at_100_max": -0.026988,
            "naucs_at_100_std": -0.268065,
            "naucs_at_100_diff1": -0.079125,
            "naucs_at_1000_max": -0.027891,
            "naucs_at_1000_std": -0.26629,
            "naucs_at_1000_diff1": -0.077831,
            "mrr_at_1": 0.25,
            "mrr_at_3": 0.341667,
            "mrr_at_5": 0.409167,
            "mrr_at_10": 0.420972,
            "mrr_at_20": 0.425139,
            "mrr_at_100": 0.426925,
            "mrr_at_1000": 0.427279
          },
          "changed": {
            "ndcg_at_1": 0.55,
            "ndcg_at_3": 0.45866,
            "ndcg_at_5": 0.45357,
            "ndcg_at_10": 0.44239,
            "ndcg_at_20": 0.42287,
            "ndcg_at_100": 0.44654,
            "ndcg_at_1000": 0.66773,
            "map_at_1": 0.01225,
            "map_at_3": 0.02952,
            "map_at_5": 0.04683,
            "map_at_10": 0.08641,
            "map_at_20": 0.13496,
            "map_at_100": 0.23626,
            "map_at_1000": 0.30145,
            "recall_at_1": 0.01225,
            "recall_at_3": 0.03334,
            "recall_at_5": 0.0586,
            "recall_at_10": 0.11118,
            "recall_at_20": 0.19531,
            "recall_at_100": 0.44204,
            "recall_at_1000": 1.0,
            "precision_at_1": 0.65,
            "precision_at_3": 0.48333,
            "precision_at_5": 0.51,
            "precision_at_10": 0.5,
            "precision_at_20": 0.4425,
            "precision_at_100": 0.24,
            "precision_at_1000": 0.0545,
            "naucs_at_1_max": -0.349174,
            "naucs_at_1_std": -0.12914,
            "naucs_at_1_diff1": 0.143462,
            "naucs_at_3_max": -0.361286,
            "naucs_at_3_std": -0.156699,
            "naucs_at_3_diff1": 0.15513,
            "naucs_at_5_max": -0.266605,
            "naucs_at_5_std": -0.156133,
            "naucs_at_5_diff1": 0.132115,
            "naucs_at_10_max": -0.266605,
            "naucs_at_10_std": -0.156133,
            "naucs_at_10_diff1": 0.132115,
            "naucs_at_20_max": -0.284968,
            "naucs_at_20_std": -0.161214,
            "naucs_at_20_diff1": 0.132245,
            "naucs_at_100_max": -0.284968,
            "naucs_at_100_std": -0.161214,
            "naucs_at_100_diff1": 0.132245,
            "naucs_at_1000_max": -0.284968,
            "naucs_at_1000_std": -0.161214,
            "naucs_at_1000_diff1": 0.132245,
            "mrr_at_1": 0.65,
            "mrr_at_3": 0.716667,
            "mrr_at_5": 0.741667,
            "mrr_at_10": 0.741667,
            "mrr_at_20": 0.748844,
            "mrr_at_100": 0.748844,
            "mrr_at_1000": 0.748844
          }
        },
        "main_score": -0.001391,
        "hf_subset": "default",
        "languages": [
          "eng-Latn"
        ]
      }
    ]
  },
  "evaluation_time": 855.054915189743,
  "kg_co2_emissions": null
}