{
  "dataset_revision": "e0144086b45fe31ac125e9ac1a83b6a409bb6ca6",
  "task_name": "News21InstructionRetrieval",
  "mteb_version": "1.38.33",
  "scores": {
    "test": [
      {
        "p-MRR": 0.005598,
        "individual": {
          "original": {
            "ndcg_at_1": 0.07031,
            "ndcg_at_3": 0.18002,
            "ndcg_at_5": 0.18661,
            "ndcg_at_10": 0.22299,
            "ndcg_at_20": 0.27918,
            "ndcg_at_100": 0.38582,
            "ndcg_at_1000": 0.46228,
            "map_at_1": 0.00453,
            "map_at_3": 0.04135,
            "map_at_5": 0.05488,
            "map_at_10": 0.08428,
            "map_at_20": 0.1183,
            "map_at_100": 0.17713,
            "map_at_1000": 0.19678,
            "recall_at_1": 0.00453,
            "recall_at_3": 0.06942,
            "recall_at_5": 0.10108,
            "recall_at_10": 0.19098,
            "recall_at_20": 0.32619,
            "recall_at_100": 0.65348,
            "recall_at_1000": 1.0,
            "precision_at_1": 0.09375,
            "precision_at_3": 0.22917,
            "precision_at_5": 0.2125,
            "precision_at_10": 0.2125,
            "precision_at_20": 0.19687,
            "precision_at_100": 0.09406,
            "precision_at_1000": 0.01634,
            "naucs_at_1_max": -0.037009,
            "naucs_at_1_std": -0.195825,
            "naucs_at_1_diff1": -0.302897,
            "naucs_at_3_max": -0.14378,
            "naucs_at_3_std": -0.118356,
            "naucs_at_3_diff1": -0.121492,
            "naucs_at_5_max": -0.086069,
            "naucs_at_5_std": -0.161155,
            "naucs_at_5_diff1": -0.141489,
            "naucs_at_10_max": -0.088522,
            "naucs_at_10_std": -0.08748,
            "naucs_at_10_diff1": -0.145541,
            "naucs_at_20_max": -0.102844,
            "naucs_at_20_std": -0.09984,
            "naucs_at_20_diff1": -0.168047,
            "naucs_at_100_max": -0.097666,
            "naucs_at_100_std": -0.10469,
            "naucs_at_100_diff1": -0.162268,
            "naucs_at_1000_max": -0.097666,
            "naucs_at_1000_std": -0.10469,
            "naucs_at_1000_diff1": -0.162268,
            "mrr_at_1": 0.09375,
            "mrr_at_3": 0.260417,
            "mrr_at_5": 0.296354,
            "mrr_at_10": 0.328249,
            "mrr_at_20": 0.335447,
            "mrr_at_100": 0.336827,
            "mrr_at_1000": 0.336827
          },
          "changed": {
            "ndcg_at_1": 0.42969,
            "ndcg_at_3": 0.45682,
            "ndcg_at_5": 0.45318,
            "ndcg_at_10": 0.45619,
            "ndcg_at_20": 0.47089,
            "ndcg_at_100": 0.56454,
            "ndcg_at_1000": 0.67152,
            "map_at_1": 0.02853,
            "map_at_3": 0.07545,
            "map_at_5": 0.1084,
            "map_at_10": 0.17608,
            "map_at_20": 0.24908,
            "map_at_100": 0.36151,
            "map_at_1000": 0.40821,
            "recall_at_1": 0.02853,
            "recall_at_3": 0.08086,
            "recall_at_5": 0.12349,
            "recall_at_10": 0.21457,
            "recall_at_20": 0.33379,
            "recall_at_100": 0.62168,
            "recall_at_1000": 1.0,
            "precision_at_1": 0.6875,
            "precision_at_3": 0.63542,
            "precision_at_5": 0.6125,
            "precision_at_10": 0.58125,
            "precision_at_20": 0.48438,
            "precision_at_100": 0.21125,
            "precision_at_1000": 0.03725,
            "naucs_at_1_max": -0.089811,
            "naucs_at_1_std": 0.318053,
            "naucs_at_1_diff1": -0.60819,
            "naucs_at_3_max": -0.157216,
            "naucs_at_3_std": 0.250537,
            "naucs_at_3_diff1": -0.64731,
            "naucs_at_5_max": -0.135492,
            "naucs_at_5_std": 0.223931,
            "naucs_at_5_diff1": -0.626219,
            "naucs_at_10_max": -0.123813,
            "naucs_at_10_std": 0.22687,
            "naucs_at_10_diff1": -0.639258,
            "naucs_at_20_max": -0.139512,
            "naucs_at_20_std": 0.248974,
            "naucs_at_20_diff1": -0.640743,
            "naucs_at_100_max": -0.139512,
            "naucs_at_100_std": 0.248974,
            "naucs_at_100_diff1": -0.640743,
            "naucs_at_1000_max": -0.139512,
            "naucs_at_1000_std": 0.248974,
            "naucs_at_1000_diff1": -0.640743,
            "mrr_at_1": 0.6875,
            "mrr_at_3": 0.770833,
            "mrr_at_5": 0.786458,
            "mrr_at_10": 0.791667,
            "mrr_at_20": 0.794508,
            "mrr_at_100": 0.794508,
            "mrr_at_1000": 0.794508
          }
        },
        "main_score": 0.005598,
        "hf_subset": "default",
        "languages": [
          "eng-Latn"
        ]
      }
    ]
  },
  "evaluation_time": 1435.787974357605,
  "kg_co2_emissions": null
}