{
  "dataset_revision": "e0144086b45fe31ac125e9ac1a83b6a409bb6ca6",
  "task_name": "News21InstructionRetrieval",
  "mteb_version": "1.38.33",
  "scores": {
    "test": [
      {
        "p-MRR": 0.021541,
        "individual": {
          "original": {
            "ndcg_at_1": 0.10156,
            "ndcg_at_3": 0.16598,
            "ndcg_at_5": 0.20963,
            "ndcg_at_10": 0.26206,
            "ndcg_at_20": 0.31197,
            "ndcg_at_100": 0.41659,
            "ndcg_at_1000": 0.48493,
            "map_at_1": 0.02406,
            "map_at_3": 0.05534,
            "map_at_5": 0.08572,
            "map_at_10": 0.12169,
            "map_at_20": 0.16011,
            "map_at_100": 0.22133,
            "map_at_1000": 0.24017,
            "recall_at_1": 0.02406,
            "recall_at_3": 0.07151,
            "recall_at_5": 0.12949,
            "recall_at_10": 0.24299,
            "recall_at_20": 0.36126,
            "recall_at_100": 0.64842,
            "recall_at_1000": 1.0,
            "precision_at_1": 0.1875,
            "precision_at_3": 0.20833,
            "precision_at_5": 0.26875,
            "precision_at_10": 0.2625,
            "precision_at_20": 0.21875,
            "precision_at_100": 0.09781,
            "precision_at_1000": 0.01634,
            "naucs_at_1_max": 0.023726,
            "naucs_at_1_std": -0.266734,
            "naucs_at_1_diff1": -0.128999,
            "naucs_at_3_max": 0.08522,
            "naucs_at_3_std": -0.276629,
            "naucs_at_3_diff1": 0.009886,
            "naucs_at_5_max": 0.068125,
            "naucs_at_5_std": -0.249349,
            "naucs_at_5_diff1": -0.037362,
            "naucs_at_10_max": 0.031852,
            "naucs_at_10_std": -0.270732,
            "naucs_at_10_diff1": -0.093214,
            "naucs_at_20_max": 0.033776,
            "naucs_at_20_std": -0.26846,
            "naucs_at_20_diff1": -0.084925,
            "naucs_at_100_max": 0.041143,
            "naucs_at_100_std": -0.267348,
            "naucs_at_100_diff1": -0.084589,
            "naucs_at_1000_max": 0.041259,
            "naucs_at_1000_std": -0.267899,
            "naucs_at_1000_diff1": -0.083636,
            "mrr_at_1": 0.1875,
            "mrr_at_3": 0.276042,
            "mrr_at_5": 0.335417,
            "mrr_at_10": 0.368093,
            "mrr_at_20": 0.372259,
            "mrr_at_100": 0.373337,
            "mrr_at_1000": 0.373486
          },
          "changed": {
            "ndcg_at_1": 0.41016,
            "ndcg_at_3": 0.48839,
            "ndcg_at_5": 0.48918,
            "ndcg_at_10": 0.48735,
            "ndcg_at_20": 0.50296,
            "ndcg_at_100": 0.59706,
            "ndcg_at_1000": 0.69113,
            "map_at_1": 0.02784,
            "map_at_3": 0.08042,
            "map_at_5": 0.12168,
            "map_at_10": 0.19897,
            "map_at_20": 0.27762,
            "map_at_100": 0.40046,
            "map_at_1000": 0.44426,
            "recall_at_1": 0.02784,
            "recall_at_3": 0.08858,
            "recall_at_5": 0.1396,
            "recall_at_10": 0.24309,
            "recall_at_20": 0.36139,
            "recall_at_100": 0.65754,
            "recall_at_1000": 1.0,
            "precision_at_1": 0.625,
            "precision_at_3": 0.69792,
            "precision_at_5": 0.6875,
            "precision_at_10": 0.63438,
            "precision_at_20": 0.5125,
            "precision_at_100": 0.21937,
            "precision_at_1000": 0.03725,
            "naucs_at_1_max": 0.209776,
            "naucs_at_1_std": 0.037469,
            "naucs_at_1_diff1": -0.07436,
            "naucs_at_3_max": 0.145382,
            "naucs_at_3_std": -0.134979,
            "naucs_at_3_diff1": -0.086722,
            "naucs_at_5_max": 0.146402,
            "naucs_at_5_std": -0.091863,
            "naucs_at_5_diff1": -0.126481,
            "naucs_at_10_max": 0.146402,
            "naucs_at_10_std": -0.091863,
            "naucs_at_10_diff1": -0.126481,
            "naucs_at_20_max": 0.149339,
            "naucs_at_20_std": -0.081791,
            "naucs_at_20_diff1": -0.110884,
            "naucs_at_100_max": 0.149339,
            "naucs_at_100_std": -0.081791,
            "naucs_at_100_diff1": -0.110884,
            "naucs_at_1000_max": 0.149339,
            "naucs_at_1000_std": -0.081791,
            "naucs_at_1000_diff1": -0.110884,
            "mrr_at_1": 0.625,
            "mrr_at_3": 0.765625,
            "mrr_at_5": 0.773438,
            "mrr_at_10": 0.773438,
            "mrr_at_20": 0.775174,
            "mrr_at_100": 0.775174,
            "mrr_at_1000": 0.775174
          }
        },
        "main_score": 0.021541,
        "hf_subset": "default",
        "languages": [
          "eng-Latn"
        ]
      }
    ]
  },
  "evaluation_time": 621.3276150226593,
  "kg_co2_emissions": null
}