{
  "dataset_revision": "a5a1c4fe2bc528ac12e83f8cdf82178da85d2f1d",
  "task_name": "Robust04InstructionRetrieval",
  "mteb_version": "1.38.33",
  "scores": {
    "test": [
      {
        "p-MRR": -0.043694,
        "individual": {
          "original": {
            "ndcg_at_1": 0.36538,
            "ndcg_at_3": 0.30704,
            "ndcg_at_5": 0.31549,
            "ndcg_at_10": 0.3028,
            "ndcg_at_20": 0.31138,
            "ndcg_at_100": 0.3899,
            "ndcg_at_1000": 0.54055,
            "map_at_1": 0.04142,
            "map_at_3": 0.08208,
            "map_at_5": 0.10692,
            "map_at_10": 0.13612,
            "map_at_20": 0.16168,
            "map_at_100": 0.20665,
            "map_at_1000": 0.22926,
            "recall_at_1": 0.04142,
            "recall_at_3": 0.09731,
            "recall_at_5": 0.13733,
            "recall_at_10": 0.21199,
            "recall_at_20": 0.28241,
            "recall_at_100": 0.51456,
            "recall_at_1000": 1.0,
            "precision_at_1": 0.42308,
            "precision_at_3": 0.33333,
            "precision_at_5": 0.32308,
            "precision_at_10": 0.24615,
            "precision_at_20": 0.19327,
            "precision_at_100": 0.08615,
            "precision_at_1000": 0.01981,
            "naucs_at_1_max": 0.211326,
            "naucs_at_1_std": -0.01368,
            "naucs_at_1_diff1": 0.074454,
            "naucs_at_3_max": 0.171434,
            "naucs_at_3_std": -0.026529,
            "naucs_at_3_diff1": 0.089356,
            "naucs_at_5_max": 0.20963,
            "naucs_at_5_std": -0.06097,
            "naucs_at_5_diff1": 0.08281,
            "naucs_at_10_max": 0.213227,
            "naucs_at_10_std": -0.058633,
            "naucs_at_10_diff1": 0.0894,
            "naucs_at_20_max": 0.212291,
            "naucs_at_20_std": -0.059831,
            "naucs_at_20_diff1": 0.086665,
            "naucs_at_100_max": 0.209732,
            "naucs_at_100_std": -0.058686,
            "naucs_at_100_diff1": 0.088628,
            "naucs_at_1000_max": 0.209732,
            "naucs_at_1000_std": -0.058686,
            "naucs_at_1000_diff1": 0.088628,
            "mrr_at_1": 0.423077,
            "mrr_at_3": 0.474359,
            "mrr_at_5": 0.504167,
            "mrr_at_10": 0.519307,
            "mrr_at_20": 0.523066,
            "mrr_at_100": 0.527591,
            "mrr_at_1000": 0.527591
          },
          "changed": {
            "ndcg_at_1": 0.54808,
            "ndcg_at_3": 0.53051,
            "ndcg_at_5": 0.51392,
            "ndcg_at_10": 0.47535,
            "ndcg_at_20": 0.44995,
            "ndcg_at_100": 0.49173,
            "ndcg_at_1000": 0.66409,
            "map_at_1": 0.03444,
            "map_at_3": 0.08699,
            "map_at_5": 0.11852,
            "map_at_10": 0.16183,
            "map_at_20": 0.20408,
            "map_at_100": 0.27924,
            "map_at_1000": 0.31774,
            "recall_at_1": 0.03444,
            "recall_at_3": 0.09547,
            "recall_at_5": 0.13609,
            "recall_at_10": 0.20602,
            "recall_at_20": 0.28897,
            "recall_at_100": 0.53913,
            "recall_at_1000": 1.0,
            "precision_at_1": 0.61538,
            "precision_at_3": 0.60897,
            "precision_at_5": 0.56538,
            "precision_at_10": 0.45962,
            "precision_at_20": 0.35192,
            "precision_at_100": 0.15442,
            "precision_at_1000": 0.03369,
            "naucs_at_1_max": 0.202238,
            "naucs_at_1_std": 0.085172,
            "naucs_at_1_diff1": 0.147913,
            "naucs_at_3_max": 0.185385,
            "naucs_at_3_std": 0.073344,
            "naucs_at_3_diff1": 0.070462,
            "naucs_at_5_max": 0.186654,
            "naucs_at_5_std": 0.094262,
            "naucs_at_5_diff1": 0.045155,
            "naucs_at_10_max": 0.188114,
            "naucs_at_10_std": 0.09294,
            "naucs_at_10_diff1": 0.058117,
            "naucs_at_20_max": 0.188114,
            "naucs_at_20_std": 0.09294,
            "naucs_at_20_diff1": 0.058117,
            "naucs_at_100_max": 0.187282,
            "naucs_at_100_std": 0.092594,
            "naucs_at_100_diff1": 0.062816,
            "naucs_at_1000_max": 0.187282,
            "naucs_at_1000_std": 0.092594,
            "naucs_at_1000_diff1": 0.062816,
            "mrr_at_1": 0.615385,
            "mrr_at_3": 0.701923,
            "mrr_at_5": 0.715385,
            "mrr_at_10": 0.72294,
            "mrr_at_20": 0.72294,
            "mrr_at_100": 0.72539,
            "mrr_at_1000": 0.72539
          }
        },
        "main_score": -0.043694,
        "hf_subset": "default",
        "languages": [
          "eng-Latn"
        ]
      }
    ]
  },
  "evaluation_time": 2330.3239901065826,
  "kg_co2_emissions": null
}