{
  "dataset_revision": "a5a1c4fe2bc528ac12e83f8cdf82178da85d2f1d",
  "task_name": "Robust04InstructionRetrieval",
  "mteb_version": "1.38.33",
  "scores": {
    "test": [
      {
        "p-MRR": -0.004865,
        "individual": {
          "original": {
            "ndcg_at_1": 0.35577,
            "ndcg_at_3": 0.30998,
            "ndcg_at_5": 0.32029,
            "ndcg_at_10": 0.31243,
            "ndcg_at_20": 0.32276,
            "ndcg_at_100": 0.41017,
            "ndcg_at_1000": 0.55008,
            "map_at_1": 0.04441,
            "map_at_3": 0.08018,
            "map_at_5": 0.11386,
            "map_at_10": 0.1429,
            "map_at_20": 0.16908,
            "map_at_100": 0.21813,
            "map_at_1000": 0.24089,
            "recall_at_1": 0.04441,
            "recall_at_3": 0.09058,
            "recall_at_5": 0.15123,
            "recall_at_10": 0.21959,
            "recall_at_20": 0.28882,
            "recall_at_100": 0.54492,
            "recall_at_1000": 1.0,
            "precision_at_1": 0.40385,
            "precision_at_3": 0.32692,
            "precision_at_5": 0.33077,
            "precision_at_10": 0.26538,
            "precision_at_20": 0.20288,
            "precision_at_100": 0.09423,
            "precision_at_1000": 0.01981,
            "naucs_at_1_max": 0.290337,
            "naucs_at_1_std": -0.005519,
            "naucs_at_1_diff1": -0.028535,
            "naucs_at_3_max": 0.314035,
            "naucs_at_3_std": -0.078069,
            "naucs_at_3_diff1": 0.026226,
            "naucs_at_5_max": 0.329895,
            "naucs_at_5_std": -0.04876,
            "naucs_at_5_diff1": 0.016511,
            "naucs_at_10_max": 0.323363,
            "naucs_at_10_std": -0.040017,
            "naucs_at_10_diff1": 0.017067,
            "naucs_at_20_max": 0.323284,
            "naucs_at_20_std": -0.043006,
            "naucs_at_20_diff1": 0.013919,
            "naucs_at_100_max": 0.321638,
            "naucs_at_100_std": -0.042683,
            "naucs_at_100_diff1": 0.01501,
            "naucs_at_1000_max": 0.321638,
            "naucs_at_1000_std": -0.042683,
            "naucs_at_1000_diff1": 0.01501,
            "mrr_at_1": 0.403846,
            "mrr_at_3": 0.471154,
            "mrr_at_5": 0.505769,
            "mrr_at_10": 0.527473,
            "mrr_at_20": 0.530352,
            "mrr_at_100": 0.533663,
            "mrr_at_1000": 0.533663
          },
          "changed": {
            "ndcg_at_1": 0.66346,
            "ndcg_at_3": 0.59346,
            "ndcg_at_5": 0.56894,
            "ndcg_at_10": 0.51423,
            "ndcg_at_20": 0.47859,
            "ndcg_at_100": 0.52395,
            "ndcg_at_1000": 0.68847,
            "map_at_1": 0.04295,
            "map_at_3": 0.09573,
            "map_at_5": 0.13498,
            "map_at_10": 0.17907,
            "map_at_20": 0.22082,
            "map_at_100": 0.30127,
            "map_at_1000": 0.34097,
            "recall_at_1": 0.04295,
            "recall_at_3": 0.10238,
            "recall_at_5": 0.15285,
            "recall_at_10": 0.22076,
            "recall_at_20": 0.29506,
            "recall_at_100": 0.56091,
            "recall_at_1000": 1.0,
            "precision_at_1": 0.76923,
            "precision_at_3": 0.66667,
            "precision_at_5": 0.61923,
            "precision_at_10": 0.48269,
            "precision_at_20": 0.36731,
            "precision_at_100": 0.1625,
            "precision_at_1000": 0.03369,
            "naucs_at_1_max": 0.309065,
            "naucs_at_1_std": 0.101539,
            "naucs_at_1_diff1": -0.238568,
            "naucs_at_3_max": 0.344592,
            "naucs_at_3_std": 0.042651,
            "naucs_at_3_diff1": -0.227981,
            "naucs_at_5_max": 0.374373,
            "naucs_at_5_std": 0.055983,
            "naucs_at_5_diff1": -0.282342,
            "naucs_at_10_max": 0.371926,
            "naucs_at_10_std": 0.059053,
            "naucs_at_10_diff1": -0.262027,
            "naucs_at_20_max": 0.366794,
            "naucs_at_20_std": 0.049354,
            "naucs_at_20_diff1": -0.252732,
            "naucs_at_100_max": 0.365183,
            "naucs_at_100_std": 0.056113,
            "naucs_at_100_diff1": -0.252963,
            "naucs_at_1000_max": 0.365183,
            "naucs_at_1000_std": 0.056113,
            "naucs_at_1000_diff1": -0.252963,
            "mrr_at_1": 0.769231,
            "mrr_at_3": 0.814103,
            "mrr_at_5": 0.827564,
            "mrr_at_10": 0.829701,
            "mrr_at_20": 0.831303,
            "mrr_at_100": 0.832415,
            "mrr_at_1000": 0.832415
          }
        },
        "main_score": -0.004865,
        "hf_subset": "default",
        "languages": [
          "eng-Latn"
        ]
      }
    ]
  },
  "evaluation_time": 1024.0878608226776,
  "kg_co2_emissions": null
}