{
  "dataset_revision": "e39ff896cf3efbbdeeb950e6bd7c79f266995b07",
  "task_name": "Core17InstructionRetrieval",
  "mteb_version": "1.38.33",
  "scores": {
    "test": [
      {
        "p-MRR": 0.04086,
        "individual": {
          "original": {
            "ndcg_at_1": 0.225,
            "ndcg_at_3": 0.26433,
            "ndcg_at_5": 0.24844,
            "ndcg_at_10": 0.26807,
            "ndcg_at_20": 0.28063,
            "ndcg_at_100": 0.36106,
            "ndcg_at_1000": 0.55129,
            "map_at_1": 0.00839,
            "map_at_3": 0.02489,
            "map_at_5": 0.03283,
            "map_at_10": 0.06015,
            "map_at_20": 0.09352,
            "map_at_100": 0.15904,
            "map_at_1000": 0.20035,
            "recall_at_1": 0.00839,
            "recall_at_3": 0.03665,
            "recall_at_5": 0.05324,
            "recall_at_10": 0.1125,
            "recall_at_20": 0.19413,
            "recall_at_100": 0.43113,
            "recall_at_1000": 1.0,
            "precision_at_1": 0.3,
            "precision_at_3": 0.33333,
            "precision_at_5": 0.31,
            "precision_at_10": 0.32,
            "precision_at_20": 0.2825,
            "precision_at_100": 0.1425,
            "precision_at_1000": 0.0327,
            "naucs_at_1_max": 0.080665,
            "naucs_at_1_std": -0.32928,
            "naucs_at_1_diff1": 0.362316,
            "naucs_at_3_max": -0.061347,
            "naucs_at_3_std": -0.192943,
            "naucs_at_3_diff1": 0.269997,
            "naucs_at_5_max": -0.048131,
            "naucs_at_5_std": -0.190505,
            "naucs_at_5_diff1": 0.267532,
            "naucs_at_10_max": -0.01625,
            "naucs_at_10_std": -0.226611,
            "naucs_at_10_diff1": 0.283138,
            "naucs_at_20_max": -0.026669,
            "naucs_at_20_std": -0.235798,
            "naucs_at_20_diff1": 0.288485,
            "naucs_at_100_max": -0.026669,
            "naucs_at_100_std": -0.235798,
            "naucs_at_100_diff1": 0.288485,
            "naucs_at_1000_max": -0.027126,
            "naucs_at_1000_std": -0.234014,
            "naucs_at_1000_diff1": 0.288403,
            "mrr_at_1": 0.3,
            "mrr_at_3": 0.483333,
            "mrr_at_5": 0.505833,
            "mrr_at_10": 0.515833,
            "mrr_at_20": 0.519167,
            "mrr_at_100": 0.519167,
            "mrr_at_1000": 0.519502
          },
          "changed": {
            "ndcg_at_1": 0.55,
            "ndcg_at_3": 0.50866,
            "ndcg_at_5": 0.49605,
            "ndcg_at_10": 0.47808,
            "ndcg_at_20": 0.44538,
            "ndcg_at_100": 0.47463,
            "ndcg_at_1000": 0.69006,
            "map_at_1": 0.01579,
            "map_at_3": 0.04147,
            "map_at_5": 0.06314,
            "map_at_10": 0.1044,
            "map_at_20": 0.1551,
            "map_at_100": 0.26494,
            "map_at_1000": 0.33535,
            "recall_at_1": 0.01579,
            "recall_at_3": 0.04464,
            "recall_at_5": 0.06988,
            "recall_at_10": 0.12273,
            "recall_at_20": 0.19939,
            "recall_at_100": 0.45593,
            "recall_at_1000": 1.0,
            "precision_at_1": 0.7,
            "precision_at_3": 0.61667,
            "precision_at_5": 0.59,
            "precision_at_10": 0.555,
            "precision_at_20": 0.465,
            "precision_at_100": 0.2485,
            "precision_at_1000": 0.0545,
            "naucs_at_1_max": 0.249865,
            "naucs_at_1_std": -0.735273,
            "naucs_at_1_diff1": 0.473698,
            "naucs_at_3_max": 0.095978,
            "naucs_at_3_std": -0.616013,
            "naucs_at_3_diff1": 0.443047,
            "naucs_at_5_max": 0.095978,
            "naucs_at_5_std": -0.616013,
            "naucs_at_5_diff1": 0.443047,
            "naucs_at_10_max": 0.163401,
            "naucs_at_10_std": -0.70858,
            "naucs_at_10_diff1": 0.448671,
            "naucs_at_20_max": 0.163401,
            "naucs_at_20_std": -0.70858,
            "naucs_at_20_diff1": 0.448671,
            "naucs_at_100_max": 0.161861,
            "naucs_at_100_std": -0.704515,
            "naucs_at_100_diff1": 0.449028,
            "naucs_at_1000_max": 0.161861,
            "naucs_at_1000_std": -0.704515,
            "naucs_at_1000_diff1": 0.449028,
            "mrr_at_1": 0.7,
            "mrr_at_3": 0.766667,
            "mrr_at_5": 0.766667,
            "mrr_at_10": 0.783333,
            "mrr_at_20": 0.783333,
            "mrr_at_100": 0.784091,
            "mrr_at_1000": 0.784091
          }
        },
        "main_score": 0.04086,
        "hf_subset": "default",
        "languages": [
          "eng-Latn"
        ]
      }
    ]
  },
  "evaluation_time": 855.4235634803772,
  "kg_co2_emissions": null
}