{
  "dataset_revision": "e39ff896cf3efbbdeeb950e6bd7c79f266995b07",
  "task_name": "Core17InstructionRetrieval",
  "mteb_version": "1.38.33",
  "scores": {
    "test": [
      {
        "p-MRR": 0.002393,
        "individual": {
          "original": {
            "ndcg_at_1": 0.25,
            "ndcg_at_3": 0.25378,
            "ndcg_at_5": 0.22127,
            "ndcg_at_10": 0.23974,
            "ndcg_at_20": 0.24156,
            "ndcg_at_100": 0.31128,
            "ndcg_at_1000": 0.52534,
            "map_at_1": 0.00877,
            "map_at_3": 0.0239,
            "map_at_5": 0.03111,
            "map_at_10": 0.05195,
            "map_at_20": 0.0783,
            "map_at_100": 0.12935,
            "map_at_1000": 0.17152,
            "recall_at_1": 0.00877,
            "recall_at_3": 0.03302,
            "recall_at_5": 0.04258,
            "recall_at_10": 0.0931,
            "recall_at_20": 0.16035,
            "recall_at_100": 0.36779,
            "recall_at_1000": 1.0,
            "precision_at_1": 0.3,
            "precision_at_3": 0.33333,
            "precision_at_5": 0.28,
            "precision_at_10": 0.265,
            "precision_at_20": 0.235,
            "precision_at_100": 0.1205,
            "precision_at_1000": 0.0327,
            "naucs_at_1_max": -0.425483,
            "naucs_at_1_std": -0.22524,
            "naucs_at_1_diff1": 0.189501,
            "naucs_at_3_max": -0.337932,
            "naucs_at_3_std": -0.125035,
            "naucs_at_3_diff1": 0.28986,
            "naucs_at_5_max": -0.338425,
            "naucs_at_5_std": -0.158112,
            "naucs_at_5_diff1": 0.263896,
            "naucs_at_10_max": -0.27409,
            "naucs_at_10_std": -0.182914,
            "naucs_at_10_diff1": 0.23249,
            "naucs_at_20_max": -0.303767,
            "naucs_at_20_std": -0.203336,
            "naucs_at_20_diff1": 0.236866,
            "naucs_at_100_max": -0.304577,
            "naucs_at_100_std": -0.197533,
            "naucs_at_100_diff1": 0.237564,
            "naucs_at_1000_max": -0.305349,
            "naucs_at_1000_std": -0.195736,
            "naucs_at_1000_diff1": 0.237697,
            "mrr_at_1": 0.3,
            "mrr_at_3": 0.433333,
            "mrr_at_5": 0.443333,
            "mrr_at_10": 0.46,
            "mrr_at_20": 0.467738,
            "mrr_at_100": 0.46959,
            "mrr_at_1000": 0.469942
          },
          "changed": {
            "ndcg_at_1": 0.55,
            "ndcg_at_3": 0.49819,
            "ndcg_at_5": 0.46134,
            "ndcg_at_10": 0.4324,
            "ndcg_at_20": 0.4114,
            "ndcg_at_100": 0.4293,
            "ndcg_at_1000": 0.6641,
            "map_at_1": 0.0149,
            "map_at_3": 0.03977,
            "map_at_5": 0.05313,
            "map_at_10": 0.08681,
            "map_at_20": 0.13167,
            "map_at_100": 0.22331,
            "map_at_1000": 0.29091,
            "recall_at_1": 0.0149,
            "recall_at_3": 0.04233,
            "recall_at_5": 0.05864,
            "recall_at_10": 0.10636,
            "recall_at_20": 0.18088,
            "recall_at_100": 0.41342,
            "recall_at_1000": 1.0,
            "precision_at_1": 0.65,
            "precision_at_3": 0.61667,
            "precision_at_5": 0.54,
            "precision_at_10": 0.47,
            "precision_at_20": 0.4225,
            "precision_at_100": 0.2235,
            "precision_at_1000": 0.0545,
            "naucs_at_1_max": -0.217349,
            "naucs_at_1_std": -0.090081,
            "naucs_at_1_diff1": 0.366425,
            "naucs_at_3_max": -0.273799,
            "naucs_at_3_std": -0.131922,
            "naucs_at_3_diff1": 0.371024,
            "naucs_at_5_max": -0.194936,
            "naucs_at_5_std": -0.183586,
            "naucs_at_5_diff1": 0.350038,
            "naucs_at_10_max": -0.202787,
            "naucs_at_10_std": -0.21474,
            "naucs_at_10_diff1": 0.334858,
            "naucs_at_20_max": -0.203414,
            "naucs_at_20_std": -0.196067,
            "naucs_at_20_diff1": 0.339084,
            "naucs_at_100_max": -0.211405,
            "naucs_at_100_std": -0.179781,
            "naucs_at_100_diff1": 0.341366,
            "naucs_at_1000_max": -0.211405,
            "naucs_at_1000_std": -0.179781,
            "naucs_at_1000_diff1": 0.341366,
            "mrr_at_1": 0.65,
            "mrr_at_3": 0.708333,
            "mrr_at_5": 0.720833,
            "mrr_at_10": 0.727083,
            "mrr_at_20": 0.731629,
            "mrr_at_100": 0.73401,
            "mrr_at_1000": 0.73401
          }
        },
        "main_score": 0.002393,
        "hf_subset": "default",
        "languages": [
          "eng-Latn"
        ]
      }
    ]
  },
  "evaluation_time": 365.253226518631,
  "kg_co2_emissions": null
}