{
  "dataset_revision": "e0144086b45fe31ac125e9ac1a83b6a409bb6ca6",
  "task_name": "News21InstructionRetrieval",
  "mteb_version": "1.38.33",
  "scores": {
    "test": [
      {
        "p-MRR": -0.00011,
        "individual": {
          "original": {
            "ndcg_at_1": 0.13281,
            "ndcg_at_3": 0.18601,
            "ndcg_at_5": 0.19257,
            "ndcg_at_10": 0.23017,
            "ndcg_at_20": 0.28935,
            "ndcg_at_100": 0.38495,
            "ndcg_at_1000": 0.46622,
            "map_at_1": 0.01127,
            "map_at_3": 0.04744,
            "map_at_5": 0.06267,
            "map_at_10": 0.0878,
            "map_at_20": 0.12682,
            "map_at_100": 0.17778,
            "map_at_1000": 0.19819,
            "recall_at_1": 0.01127,
            "recall_at_3": 0.07468,
            "recall_at_5": 0.11324,
            "recall_at_10": 0.19351,
            "recall_at_20": 0.33309,
            "recall_at_100": 0.63116,
            "recall_at_1000": 1.0,
            "precision_at_1": 0.15625,
            "precision_at_3": 0.23958,
            "precision_at_5": 0.24375,
            "precision_at_10": 0.2125,
            "precision_at_20": 0.20156,
            "precision_at_100": 0.09031,
            "precision_at_1000": 0.01634,
            "naucs_at_1_max": -0.248554,
            "naucs_at_1_std": -0.058716,
            "naucs_at_1_diff1": -0.26002,
            "naucs_at_3_max": -0.159626,
            "naucs_at_3_std": -0.030153,
            "naucs_at_3_diff1": -0.062629,
            "naucs_at_5_max": -0.138629,
            "naucs_at_5_std": -0.086106,
            "naucs_at_5_diff1": -0.071041,
            "naucs_at_10_max": -0.145764,
            "naucs_at_10_std": -0.047445,
            "naucs_at_10_diff1": -0.094566,
            "naucs_at_20_max": -0.15695,
            "naucs_at_20_std": -0.04241,
            "naucs_at_20_diff1": -0.097802,
            "naucs_at_100_max": -0.155006,
            "naucs_at_100_std": -0.045675,
            "naucs_at_100_diff1": -0.094706,
            "naucs_at_1000_max": -0.155006,
            "naucs_at_1000_std": -0.045675,
            "naucs_at_1000_diff1": -0.094706,
            "mrr_at_1": 0.15625,
            "mrr_at_3": 0.307292,
            "mrr_at_5": 0.355729,
            "mrr_at_10": 0.372346,
            "mrr_at_20": 0.377957,
            "mrr_at_100": 0.379183,
            "mrr_at_1000": 0.379183
          },
          "changed": {
            "ndcg_at_1": 0.42188,
            "ndcg_at_3": 0.46332,
            "ndcg_at_5": 0.45673,
            "ndcg_at_10": 0.45652,
            "ndcg_at_20": 0.46811,
            "ndcg_at_100": 0.55481,
            "ndcg_at_1000": 0.66525,
            "map_at_1": 0.02697,
            "map_at_3": 0.07625,
            "map_at_5": 0.11167,
            "map_at_10": 0.17748,
            "map_at_20": 0.25052,
            "map_at_100": 0.35237,
            "map_at_1000": 0.40033,
            "recall_at_1": 0.02697,
            "recall_at_3": 0.08381,
            "recall_at_5": 0.12984,
            "recall_at_10": 0.21818,
            "recall_at_20": 0.33183,
            "recall_at_100": 0.60214,
            "recall_at_1000": 1.0,
            "precision_at_1": 0.65625,
            "precision_at_3": 0.67708,
            "precision_at_5": 0.65625,
            "precision_at_10": 0.59375,
            "precision_at_20": 0.4875,
            "precision_at_100": 0.20531,
            "precision_at_1000": 0.03725,
            "naucs_at_1_max": 0.210068,
            "naucs_at_1_std": 0.224947,
            "naucs_at_1_diff1": -0.276828,
            "naucs_at_3_max": 0.160889,
            "naucs_at_3_std": 0.127952,
            "naucs_at_3_diff1": -0.247795,
            "naucs_at_5_max": 0.175247,
            "naucs_at_5_std": 0.128263,
            "naucs_at_5_diff1": -0.290182,
            "naucs_at_10_max": 0.175247,
            "naucs_at_10_std": 0.128263,
            "naucs_at_10_diff1": -0.290182,
            "naucs_at_20_max": 0.170793,
            "naucs_at_20_std": 0.14355,
            "naucs_at_20_diff1": -0.291609,
            "naucs_at_100_max": 0.170793,
            "naucs_at_100_std": 0.14355,
            "naucs_at_100_diff1": -0.291609,
            "naucs_at_1000_max": 0.170793,
            "naucs_at_1000_std": 0.14355,
            "naucs_at_1000_diff1": -0.291609,
            "mrr_at_1": 0.65625,
            "mrr_at_3": 0.78125,
            "mrr_at_5": 0.789062,
            "mrr_at_10": 0.789062,
            "mrr_at_20": 0.791146,
            "mrr_at_100": 0.791146,
            "mrr_at_1000": 0.791146
          }
        },
        "main_score": -0.00011,
        "hf_subset": "default",
        "languages": [
          "eng-Latn"
        ]
      }
    ]
  },
  "evaluation_time": 626.1400370597839,
  "kg_co2_emissions": null
}