{
  "dataset_revision": "e0144086b45fe31ac125e9ac1a83b6a409bb6ca6",
  "task_name": "News21InstructionRetrieval",
  "mteb_version": "1.38.33",
  "scores": {
    "test": [
      {
        "p-MRR": 0.015017,
        "individual": {
          "original": {
            "ndcg_at_1": 0.13281,
            "ndcg_at_3": 0.20316,
            "ndcg_at_5": 0.24019,
            "ndcg_at_10": 0.26687,
            "ndcg_at_20": 0.32982,
            "ndcg_at_100": 0.43102,
            "ndcg_at_1000": 0.49761,
            "map_at_1": 0.03031,
            "map_at_3": 0.0669,
            "map_at_5": 0.08902,
            "map_at_10": 0.12396,
            "map_at_20": 0.1665,
            "map_at_100": 0.22561,
            "map_at_1000": 0.24467,
            "recall_at_1": 0.03031,
            "recall_at_3": 0.08666,
            "recall_at_5": 0.1424,
            "recall_at_10": 0.23211,
            "recall_at_20": 0.37577,
            "recall_at_100": 0.69498,
            "recall_at_1000": 1.0,
            "precision_at_1": 0.21875,
            "precision_at_3": 0.27083,
            "precision_at_5": 0.2875,
            "precision_at_10": 0.25,
            "precision_at_20": 0.22656,
            "precision_at_100": 0.09844,
            "precision_at_1000": 0.01634,
            "naucs_at_1_max": -0.083308,
            "naucs_at_1_std": -0.309934,
            "naucs_at_1_diff1": -0.398779,
            "naucs_at_3_max": -0.013464,
            "naucs_at_3_std": -0.271035,
            "naucs_at_3_diff1": -0.201805,
            "naucs_at_5_max": -0.067221,
            "naucs_at_5_std": -0.322169,
            "naucs_at_5_diff1": -0.219604,
            "naucs_at_10_max": -0.06866,
            "naucs_at_10_std": -0.293756,
            "naucs_at_10_diff1": -0.235968,
            "naucs_at_20_max": -0.075927,
            "naucs_at_20_std": -0.292574,
            "naucs_at_20_diff1": -0.237457,
            "naucs_at_100_max": -0.068544,
            "naucs_at_100_std": -0.294532,
            "naucs_at_100_diff1": -0.238086,
            "naucs_at_1000_max": -0.068544,
            "naucs_at_1000_std": -0.294532,
            "naucs_at_1000_diff1": -0.238086,
            "mrr_at_1": 0.21875,
            "mrr_at_3": 0.333333,
            "mrr_at_5": 0.394271,
            "mrr_at_10": 0.408408,
            "mrr_at_20": 0.412444,
            "mrr_at_100": 0.414065,
            "mrr_at_1000": 0.414065
          },
          "changed": {
            "ndcg_at_1": 0.39062,
            "ndcg_at_3": 0.46771,
            "ndcg_at_5": 0.48378,
            "ndcg_at_10": 0.48118,
            "ndcg_at_20": 0.50525,
            "ndcg_at_100": 0.5961,
            "ndcg_at_1000": 0.69093,
            "map_at_1": 0.02792,
            "map_at_3": 0.08128,
            "map_at_5": 0.1236,
            "map_at_10": 0.20062,
            "map_at_20": 0.28581,
            "map_at_100": 0.41052,
            "map_at_1000": 0.45528,
            "recall_at_1": 0.02792,
            "recall_at_3": 0.08925,
            "recall_at_5": 0.14076,
            "recall_at_10": 0.24166,
            "recall_at_20": 0.37157,
            "recall_at_100": 0.66952,
            "recall_at_1000": 1.0,
            "precision_at_1": 0.65625,
            "precision_at_3": 0.70833,
            "precision_at_5": 0.70625,
            "precision_at_10": 0.63125,
            "precision_at_20": 0.52812,
            "precision_at_100": 0.2225,
            "precision_at_1000": 0.03725,
            "naucs_at_1_max": 0.32844,
            "naucs_at_1_std": 0.001654,
            "naucs_at_1_diff1": -0.223752,
            "naucs_at_3_max": 0.24842,
            "naucs_at_3_std": -0.224719,
            "naucs_at_3_diff1": -0.301724,
            "naucs_at_5_max": 0.24842,
            "naucs_at_5_std": -0.224719,
            "naucs_at_5_diff1": -0.301724,
            "naucs_at_10_max": 0.24842,
            "naucs_at_10_std": -0.224719,
            "naucs_at_10_diff1": -0.301724,
            "naucs_at_20_max": 0.249558,
            "naucs_at_20_std": -0.21067,
            "naucs_at_20_diff1": -0.293956,
            "naucs_at_100_max": 0.249558,
            "naucs_at_100_std": -0.21067,
            "naucs_at_100_diff1": -0.293956,
            "naucs_at_1000_max": 0.249558,
            "naucs_at_1000_std": -0.21067,
            "naucs_at_1000_diff1": -0.293956,
            "mrr_at_1": 0.65625,
            "mrr_at_3": 0.791667,
            "mrr_at_5": 0.791667,
            "mrr_at_10": 0.791667,
            "mrr_at_20": 0.793229,
            "mrr_at_100": 0.793229,
            "mrr_at_1000": 0.793229
          }
        },
        "main_score": 0.015017,
        "hf_subset": "default",
        "languages": [
          "eng-Latn"
        ]
      }
    ]
  },
  "evaluation_time": 1437.6623063087463,
  "kg_co2_emissions": null
}