{
  "dataset_revision": "a5a1c4fe2bc528ac12e83f8cdf82178da85d2f1d",
  "task_name": "Robust04InstructionRetrieval",
  "mteb_version": "1.38.33",
  "scores": {
    "test": [
      {
        "p-MRR": -0.044426,
        "individual": {
          "original": {
            "ndcg_at_1": 0.35577,
            "ndcg_at_3": 0.30514,
            "ndcg_at_5": 0.30411,
            "ndcg_at_10": 0.29222,
            "ndcg_at_20": 0.29966,
            "ndcg_at_100": 0.37396,
            "ndcg_at_1000": 0.52934,
            "map_at_1": 0.03542,
            "map_at_3": 0.07275,
            "map_at_5": 0.10166,
            "map_at_10": 0.12523,
            "map_at_20": 0.15056,
            "map_at_100": 0.19402,
            "map_at_1000": 0.21617,
            "recall_at_1": 0.03542,
            "recall_at_3": 0.08646,
            "recall_at_5": 0.13935,
            "recall_at_10": 0.20121,
            "recall_at_20": 0.2742,
            "recall_at_100": 0.49615,
            "recall_at_1000": 1.0,
            "precision_at_1": 0.40385,
            "precision_at_3": 0.33333,
            "precision_at_5": 0.31154,
            "precision_at_10": 0.24231,
            "precision_at_20": 0.18654,
            "precision_at_100": 0.08231,
            "precision_at_1000": 0.01981,
            "naucs_at_1_max": 0.210517,
            "naucs_at_1_std": 0.075365,
            "naucs_at_1_diff1": 0.076039,
            "naucs_at_3_max": 0.235945,
            "naucs_at_3_std": 0.008543,
            "naucs_at_3_diff1": 0.03039,
            "naucs_at_5_max": 0.219937,
            "naucs_at_5_std": -0.014204,
            "naucs_at_5_diff1": 0.062743,
            "naucs_at_10_max": 0.213569,
            "naucs_at_10_std": 0.008374,
            "naucs_at_10_diff1": 0.068151,
            "naucs_at_20_max": 0.22339,
            "naucs_at_20_std": 0.013037,
            "naucs_at_20_diff1": 0.071303,
            "naucs_at_100_max": 0.221337,
            "naucs_at_100_std": 0.011243,
            "naucs_at_100_diff1": 0.067949,
            "naucs_at_1000_max": 0.221337,
            "naucs_at_1000_std": 0.011243,
            "naucs_at_1000_diff1": 0.067949,
            "mrr_at_1": 0.403846,
            "mrr_at_3": 0.49359,
            "mrr_at_5": 0.510897,
            "mrr_at_10": 0.52326,
            "mrr_at_20": 0.526382,
            "mrr_at_100": 0.530987,
            "mrr_at_1000": 0.530987
          },
          "changed": {
            "ndcg_at_1": 0.55769,
            "ndcg_at_3": 0.52338,
            "ndcg_at_5": 0.5125,
            "ndcg_at_10": 0.47917,
            "ndcg_at_20": 0.44182,
            "ndcg_at_100": 0.47507,
            "ndcg_at_1000": 0.65635,
            "map_at_1": 0.03345,
            "map_at_3": 0.08301,
            "map_at_5": 0.11782,
            "map_at_10": 0.16112,
            "map_at_20": 0.19834,
            "map_at_100": 0.26858,
            "map_at_1000": 0.30705,
            "recall_at_1": 0.03345,
            "recall_at_3": 0.09351,
            "recall_at_5": 0.13613,
            "recall_at_10": 0.20719,
            "recall_at_20": 0.27688,
            "recall_at_100": 0.51392,
            "recall_at_1000": 1.0,
            "precision_at_1": 0.61538,
            "precision_at_3": 0.60256,
            "precision_at_5": 0.56923,
            "precision_at_10": 0.46154,
            "precision_at_20": 0.33846,
            "precision_at_100": 0.14538,
            "precision_at_1000": 0.03369,
            "naucs_at_1_max": 0.156739,
            "naucs_at_1_std": 0.027467,
            "naucs_at_1_diff1": 0.110837,
            "naucs_at_3_max": 0.203888,
            "naucs_at_3_std": 0.002897,
            "naucs_at_3_diff1": 0.059801,
            "naucs_at_5_max": 0.183802,
            "naucs_at_5_std": 0.015068,
            "naucs_at_5_diff1": 0.056221,
            "naucs_at_10_max": 0.171934,
            "naucs_at_10_std": 0.023051,
            "naucs_at_10_diff1": 0.081994,
            "naucs_at_20_max": 0.176048,
            "naucs_at_20_std": 0.019067,
            "naucs_at_20_diff1": 0.076777,
            "naucs_at_100_max": 0.176589,
            "naucs_at_100_std": 0.018201,
            "naucs_at_100_diff1": 0.077551,
            "naucs_at_1000_max": 0.176589,
            "naucs_at_1000_std": 0.018201,
            "naucs_at_1000_diff1": 0.077551,
            "mrr_at_1": 0.615385,
            "mrr_at_3": 0.717949,
            "mrr_at_5": 0.725641,
            "mrr_at_10": 0.728846,
            "mrr_at_20": 0.730128,
            "mrr_at_100": 0.732285,
            "mrr_at_1000": 0.732285
          }
        },
        "main_score": -0.044426,
        "hf_subset": "default",
        "languages": [
          "eng-Latn"
        ]
      }
    ]
  },
  "evaluation_time": 1026.7385475635529,
  "kg_co2_emissions": null
}