{
  "dataset_revision": "a5a1c4fe2bc528ac12e83f8cdf82178da85d2f1d",
  "task_name": "Robust04InstructionRetrieval",
  "mteb_version": "1.38.33",
  "scores": {
    "test": [
      {
        "p-MRR": -0.023436,
        "individual": {
          "original": {
            "ndcg_at_1": 0.35577,
            "ndcg_at_3": 0.33399,
            "ndcg_at_5": 0.31713,
            "ndcg_at_10": 0.31575,
            "ndcg_at_20": 0.32904,
            "ndcg_at_100": 0.42049,
            "ndcg_at_1000": 0.55826,
            "map_at_1": 0.0396,
            "map_at_3": 0.08566,
            "map_at_5": 0.11594,
            "map_at_10": 0.14263,
            "map_at_20": 0.17049,
            "map_at_100": 0.22419,
            "map_at_1000": 0.24735,
            "recall_at_1": 0.0396,
            "recall_at_3": 0.09723,
            "recall_at_5": 0.14939,
            "recall_at_10": 0.21683,
            "recall_at_20": 0.29907,
            "recall_at_100": 0.54849,
            "recall_at_1000": 1.0,
            "precision_at_1": 0.40385,
            "precision_at_3": 0.35897,
            "precision_at_5": 0.31154,
            "precision_at_10": 0.26154,
            "precision_at_20": 0.20962,
            "precision_at_100": 0.09712,
            "precision_at_1000": 0.01981,
            "naucs_at_1_max": 0.304344,
            "naucs_at_1_std": -0.204153,
            "naucs_at_1_diff1": -0.028201,
            "naucs_at_3_max": 0.373822,
            "naucs_at_3_std": -0.176764,
            "naucs_at_3_diff1": -0.013494,
            "naucs_at_5_max": 0.389996,
            "naucs_at_5_std": -0.20483,
            "naucs_at_5_diff1": 0.009091,
            "naucs_at_10_max": 0.366367,
            "naucs_at_10_std": -0.19874,
            "naucs_at_10_diff1": 0.025066,
            "naucs_at_20_max": 0.362451,
            "naucs_at_20_std": -0.19968,
            "naucs_at_20_diff1": 0.01323,
            "naucs_at_100_max": 0.361511,
            "naucs_at_100_std": -0.201127,
            "naucs_at_100_diff1": 0.011824,
            "naucs_at_1000_max": 0.361649,
            "naucs_at_1000_std": -0.201146,
            "naucs_at_1000_diff1": 0.011328,
            "mrr_at_1": 0.403846,
            "mrr_at_3": 0.483974,
            "mrr_at_5": 0.505128,
            "mrr_at_10": 0.528411,
            "mrr_at_20": 0.535751,
            "mrr_at_100": 0.536553,
            "mrr_at_1000": 0.536731
          },
          "changed": {
            "ndcg_at_1": 0.65385,
            "ndcg_at_3": 0.60204,
            "ndcg_at_5": 0.57871,
            "ndcg_at_10": 0.52538,
            "ndcg_at_20": 0.49558,
            "ndcg_at_100": 0.53961,
            "ndcg_at_1000": 0.6999,
            "map_at_1": 0.04085,
            "map_at_3": 0.09805,
            "map_at_5": 0.14392,
            "map_at_10": 0.18692,
            "map_at_20": 0.23214,
            "map_at_100": 0.31931,
            "map_at_1000": 0.35897,
            "recall_at_1": 0.04085,
            "recall_at_3": 0.1039,
            "recall_at_5": 0.16238,
            "recall_at_10": 0.22695,
            "recall_at_20": 0.30793,
            "recall_at_100": 0.57068,
            "recall_at_1000": 1.0,
            "precision_at_1": 0.76923,
            "precision_at_3": 0.67949,
            "precision_at_5": 0.63462,
            "precision_at_10": 0.49231,
            "precision_at_20": 0.38654,
            "precision_at_100": 0.16827,
            "precision_at_1000": 0.03369,
            "naucs_at_1_max": 0.474599,
            "naucs_at_1_std": 0.190568,
            "naucs_at_1_diff1": -0.08537,
            "naucs_at_3_max": 0.465623,
            "naucs_at_3_std": 0.091802,
            "naucs_at_3_diff1": 0.015631,
            "naucs_at_5_max": 0.466743,
            "naucs_at_5_std": 0.090831,
            "naucs_at_5_diff1": -0.004294,
            "naucs_at_10_max": 0.473254,
            "naucs_at_10_std": 0.088677,
            "naucs_at_10_diff1": 0.015757,
            "naucs_at_20_max": 0.466528,
            "naucs_at_20_std": 0.097674,
            "naucs_at_20_diff1": 0.0154,
            "naucs_at_100_max": 0.466528,
            "naucs_at_100_std": 0.097674,
            "naucs_at_100_diff1": 0.0154,
            "naucs_at_1000_max": 0.466428,
            "naucs_at_1000_std": 0.097647,
            "naucs_at_1000_diff1": 0.014276,
            "mrr_at_1": 0.769231,
            "mrr_at_3": 0.817308,
            "mrr_at_5": 0.821154,
            "mrr_at_10": 0.8289,
            "mrr_at_20": 0.832127,
            "mrr_at_100": 0.832127,
            "mrr_at_1000": 0.832304
          }
        },
        "main_score": -0.023436,
        "hf_subset": "default",
        "languages": [
          "eng-Latn"
        ]
      }
    ]
  },
  "evaluation_time": 2329.142293691635,
  "kg_co2_emissions": null
}