{
  "dataset_revision": "a0d554a64d88156834ff5ae9920b964011b16384",
  "task_name": "STS12",
  "mteb_version": "1.38.33",
  "scores": {
    "test": [
      {
        "pearson": 0.750062,
        "spearman": 0.678496,
        "cosine_pearson": 0.750062,
        "cosine_spearman": 0.678496,
        "manhattan_pearson": 0.693561,
        "manhattan_spearman": 0.659059,
        "euclidean_pearson": 0.693622,
        "euclidean_spearman": 0.658774,
        "main_score": 0.678496,
        "hf_subset": "default",
        "languages": [
          "eng-Latn"
        ]
      }
    ]
  },
  "evaluation_time": 10.475174188613892,
  "kg_co2_emissions": null
}