{"train_steps_per_second":0.983,"_runtime":3342,"eval/steps_per_second":5.085,"train_loss":1.146909059041866,"train_samples_per_second":31.451,"early_stop_at_step":3270,"total_flos":0,"train_runtime":3327.3474,"_timestamp":1.7582507533551514e+09,"train/loss":1.097,"train/grad_norm":0.3897007405757904,"eval/runtime":95.3848,"train/global_step":3270,"_wandb":{"runtime":3342},"early_stop_triggered":true,"train/learning_rate":5.4151624548736464e-08,"_step":3273,"early_stop_metric":"eval_loss","train/epoch":2.998624484181568,"eval/loss":1.1119396686553955,"eval/samples_per_second":40.635}