{
  "dataset_revision": "e39ff896cf3efbbdeeb950e6bd7c79f266995b07",
  "task_name": "Core17InstructionRetrieval",
  "mteb_version": "1.38.33",
  "scores": {
    "test": [
      {
        "p-MRR": 0.002926,
        "individual": {
          "original": {
            "ndcg_at_1": 0.075,
            "ndcg_at_3": 0.04683,
            "ndcg_at_5": 0.04434,
            "ndcg_at_10": 0.07051,
            "ndcg_at_20": 0.07156,
            "ndcg_at_100": 0.13956,
            "ndcg_at_1000": 0.41013,
            "map_at_1": 0.00923,
            "map_at_3": 0.00978,
            "map_at_5": 0.01173,
            "map_at_10": 0.01844,
            "map_at_20": 0.02226,
            "map_at_100": 0.03656,
            "map_at_1000": 0.07177,
            "recall_at_1": 0.00923,
            "recall_at_3": 0.01032,
            "recall_at_5": 0.01583,
            "recall_at_10": 0.04713,
            "recall_at_20": 0.06336,
            "recall_at_100": 0.21024,
            "recall_at_1000": 1.0,
            "precision_at_1": 0.15,
            "precision_at_3": 0.06667,
            "precision_at_5": 0.06,
            "precision_at_10": 0.09,
            "precision_at_20": 0.0675,
            "precision_at_100": 0.0625,
            "precision_at_1000": 0.0327,
            "naucs_at_1_max": -0.223465,
            "naucs_at_1_std": -0.370124,
            "naucs_at_1_diff1": 0.547021,
            "naucs_at_3_max": -0.088171,
            "naucs_at_3_std": -0.398539,
            "naucs_at_3_diff1": 0.433323,
            "naucs_at_5_max": -0.132591,
            "naucs_at_5_std": -0.434785,
            "naucs_at_5_diff1": 0.41617,
            "naucs_at_10_max": -0.15938,
            "naucs_at_10_std": -0.444464,
            "naucs_at_10_diff1": 0.441939,
            "naucs_at_20_max": -0.147306,
            "naucs_at_20_std": -0.434162,
            "naucs_at_20_diff1": 0.453912,
            "naucs_at_100_max": -0.140772,
            "naucs_at_100_std": -0.436124,
            "naucs_at_100_diff1": 0.457557,
            "naucs_at_1000_max": -0.140772,
            "naucs_at_1000_std": -0.436124,
            "naucs_at_1000_diff1": 0.457557,
            "mrr_at_1": 0.15,
            "mrr_at_3": 0.175,
            "mrr_at_5": 0.1875,
            "mrr_at_10": 0.223512,
            "mrr_at_20": 0.230804,
            "mrr_at_100": 0.244177,
            "mrr_at_1000": 0.244177
          },
          "changed": {
            "ndcg_at_1": 0.2,
            "ndcg_at_3": 0.12193,
            "ndcg_at_5": 0.09573,
            "ndcg_at_10": 0.10539,
            "ndcg_at_20": 0.11336,
            "ndcg_at_100": 0.16415,
            "ndcg_at_1000": 0.49343,
            "map_at_1": 0.008,
            "map_at_3": 0.01057,
            "map_at_5": 0.01172,
            "map_at_10": 0.01718,
            "map_at_20": 0.02508,
            "map_at_100": 0.04622,
            "map_at_1000": 0.10556,
            "recall_at_1": 0.008,
            "recall_at_3": 0.01338,
            "recall_at_5": 0.01583,
            "recall_at_10": 0.03246,
            "recall_at_20": 0.07023,
            "recall_at_100": 0.20066,
            "recall_at_1000": 1.0,
            "precision_at_1": 0.35,
            "precision_at_3": 0.16667,
            "precision_at_5": 0.12,
            "precision_at_10": 0.13,
            "precision_at_20": 0.1325,
            "precision_at_100": 0.096,
            "precision_at_1000": 0.0545,
            "naucs_at_1_max": 0.191311,
            "naucs_at_1_std": 0.005801,
            "naucs_at_1_diff1": 0.21834,
            "naucs_at_3_max": 0.124218,
            "naucs_at_3_std": -0.140892,
            "naucs_at_3_diff1": 0.181278,
            "naucs_at_5_max": 0.124218,
            "naucs_at_5_std": -0.140892,
            "naucs_at_5_diff1": 0.181278,
            "naucs_at_10_max": 0.152152,
            "naucs_at_10_std": -0.125418,
            "naucs_at_10_diff1": 0.212146,
            "naucs_at_20_max": 0.145536,
            "naucs_at_20_std": -0.126731,
            "naucs_at_20_diff1": 0.219112,
            "naucs_at_100_max": 0.142157,
            "naucs_at_100_std": -0.128325,
            "naucs_at_100_diff1": 0.215955,
            "naucs_at_1000_max": 0.142157,
            "naucs_at_1000_std": -0.128325,
            "naucs_at_1000_diff1": 0.215955,
            "mrr_at_1": 0.35,
            "mrr_at_3": 0.416667,
            "mrr_at_5": 0.416667,
            "mrr_at_10": 0.435615,
            "mrr_at_20": 0.450994,
            "mrr_at_100": 0.455688,
            "mrr_at_1000": 0.455688
          }
        },
        "main_score": 0.002926,
        "hf_subset": "default",
        "languages": [
          "eng-Latn"
        ]
      }
    ]
  },
  "evaluation_time": 853.8791589736938,
  "kg_co2_emissions": null
}