{
  "dataset_revision": "e39ff896cf3efbbdeeb950e6bd7c79f266995b07",
  "task_name": "Core17InstructionRetrieval",
  "mteb_version": "1.38.33",
  "scores": {
    "test": [
      {
        "p-MRR": -9.7e-05,
        "individual": {
          "original": {
            "ndcg_at_1": 0.05,
            "ndcg_at_3": 0.06846,
            "ndcg_at_5": 0.08698,
            "ndcg_at_10": 0.09933,
            "ndcg_at_20": 0.11594,
            "ndcg_at_100": 0.17325,
            "ndcg_at_1000": 0.43211,
            "map_at_1": 0.00539,
            "map_at_3": 0.00923,
            "map_at_5": 0.01404,
            "map_at_10": 0.01944,
            "map_at_20": 0.02723,
            "map_at_100": 0.04464,
            "map_at_1000": 0.08294,
            "recall_at_1": 0.00539,
            "recall_at_3": 0.01375,
            "recall_at_5": 0.0302,
            "recall_at_10": 0.04701,
            "recall_at_20": 0.08112,
            "recall_at_100": 0.24764,
            "recall_at_1000": 1.0,
            "precision_at_1": 0.1,
            "precision_at_3": 0.1,
            "precision_at_5": 0.13,
            "precision_at_10": 0.125,
            "precision_at_20": 0.125,
            "precision_at_100": 0.078,
            "precision_at_1000": 0.0327,
            "naucs_at_1_max": 0.126643,
            "naucs_at_1_std": -0.242823,
            "naucs_at_1_diff1": 0.212638,
            "naucs_at_3_max": 0.185125,
            "naucs_at_3_std": -0.238602,
            "naucs_at_3_diff1": 0.119553,
            "naucs_at_5_max": 0.160679,
            "naucs_at_5_std": -0.319457,
            "naucs_at_5_diff1": 0.130075,
            "naucs_at_10_max": 0.188153,
            "naucs_at_10_std": -0.324134,
            "naucs_at_10_diff1": 0.133931,
            "naucs_at_20_max": 0.163177,
            "naucs_at_20_std": -0.328241,
            "naucs_at_20_diff1": 0.149697,
            "naucs_at_100_max": 0.168365,
            "naucs_at_100_std": -0.317399,
            "naucs_at_100_diff1": 0.138377,
            "naucs_at_1000_max": 0.168365,
            "naucs_at_1000_std": -0.317399,
            "naucs_at_1000_diff1": 0.138377,
            "mrr_at_1": 0.1,
            "mrr_at_3": 0.191667,
            "mrr_at_5": 0.249167,
            "mrr_at_10": 0.259722,
            "mrr_at_20": 0.274193,
            "mrr_at_100": 0.27922,
            "mrr_at_1000": 0.27922
          },
          "changed": {
            "ndcg_at_1": 0.225,
            "ndcg_at_3": 0.19413,
            "ndcg_at_5": 0.18752,
            "ndcg_at_10": 0.20313,
            "ndcg_at_20": 0.18877,
            "ndcg_at_100": 0.23649,
            "ndcg_at_1000": 0.5385,
            "map_at_1": 0.00859,
            "map_at_3": 0.0148,
            "map_at_5": 0.02264,
            "map_at_10": 0.03666,
            "map_at_20": 0.04545,
            "map_at_100": 0.0765,
            "map_at_1000": 0.14047,
            "recall_at_1": 0.00859,
            "recall_at_3": 0.0189,
            "recall_at_5": 0.03387,
            "recall_at_10": 0.07179,
            "recall_at_20": 0.09727,
            "recall_at_100": 0.265,
            "recall_at_1000": 1.0,
            "precision_at_1": 0.4,
            "precision_at_3": 0.26667,
            "precision_at_5": 0.25,
            "precision_at_10": 0.26,
            "precision_at_20": 0.205,
            "precision_at_100": 0.1285,
            "precision_at_1000": 0.0545,
            "naucs_at_1_max": 0.092366,
            "naucs_at_1_std": 0.16156,
            "naucs_at_1_diff1": -0.017315,
            "naucs_at_3_max": 0.223052,
            "naucs_at_3_std": 0.022926,
            "naucs_at_3_diff1": 0.079221,
            "naucs_at_5_max": 0.200705,
            "naucs_at_5_std": 0.035358,
            "naucs_at_5_diff1": 0.124291,
            "naucs_at_10_max": 0.163236,
            "naucs_at_10_std": 0.044955,
            "naucs_at_10_diff1": 0.079206,
            "naucs_at_20_max": 0.163236,
            "naucs_at_20_std": 0.044955,
            "naucs_at_20_diff1": 0.079206,
            "naucs_at_100_max": 0.163236,
            "naucs_at_100_std": 0.044955,
            "naucs_at_100_diff1": 0.079206,
            "naucs_at_1000_max": 0.163236,
            "naucs_at_1000_std": 0.044955,
            "naucs_at_1000_diff1": 0.079206,
            "mrr_at_1": 0.4,
            "mrr_at_3": 0.516667,
            "mrr_at_5": 0.541667,
            "mrr_at_10": 0.575139,
            "mrr_at_20": 0.575139,
            "mrr_at_100": 0.575139,
            "mrr_at_1000": 0.575139
          }
        },
        "main_score": -9.7e-05,
        "hf_subset": "default",
        "languages": [
          "eng-Latn"
        ]
      }
    ]
  },
  "evaluation_time": 365.90650701522827,
  "kg_co2_emissions": null
}