{
  "dataset_revision": "e0144086b45fe31ac125e9ac1a83b6a409bb6ca6",
  "task_name": "News21InstructionRetrieval",
  "mteb_version": "1.38.33",
  "scores": {
    "test": [
      {
        "p-MRR": 0.062814,
        "individual": {
          "original": {
            "ndcg_at_1": 0.15234,
            "ndcg_at_3": 0.13789,
            "ndcg_at_5": 0.14446,
            "ndcg_at_10": 0.1588,
            "ndcg_at_20": 0.1971,
            "ndcg_at_100": 0.28855,
            "ndcg_at_1000": 0.4035,
            "map_at_1": 0.02969,
            "map_at_3": 0.04984,
            "map_at_5": 0.0599,
            "map_at_10": 0.07425,
            "map_at_20": 0.0946,
            "map_at_100": 0.12721,
            "map_at_1000": 0.15022,
            "recall_at_1": 0.02969,
            "recall_at_3": 0.05536,
            "recall_at_5": 0.08419,
            "recall_at_10": 0.12343,
            "recall_at_20": 0.23049,
            "recall_at_100": 0.51001,
            "recall_at_1000": 1.0,
            "precision_at_1": 0.25,
            "precision_at_3": 0.1875,
            "precision_at_5": 0.16875,
            "precision_at_10": 0.14062,
            "precision_at_20": 0.12656,
            "precision_at_100": 0.07281,
            "precision_at_1000": 0.01634,
            "naucs_at_1_max": 0.150096,
            "naucs_at_1_std": -0.228597,
            "naucs_at_1_diff1": 0.191209,
            "naucs_at_3_max": 0.306558,
            "naucs_at_3_std": -0.081028,
            "naucs_at_3_diff1": 0.204355,
            "naucs_at_5_max": 0.247144,
            "naucs_at_5_std": -0.056623,
            "naucs_at_5_diff1": 0.173355,
            "naucs_at_10_max": 0.248004,
            "naucs_at_10_std": -0.042263,
            "naucs_at_10_diff1": 0.18865,
            "naucs_at_20_max": 0.245483,
            "naucs_at_20_std": -0.060747,
            "naucs_at_20_diff1": 0.194749,
            "naucs_at_100_max": 0.243322,
            "naucs_at_100_std": -0.065126,
            "naucs_at_100_diff1": 0.192594,
            "naucs_at_1000_max": 0.243874,
            "naucs_at_1000_std": -0.064694,
            "naucs_at_1000_diff1": 0.192386,
            "mrr_at_1": 0.25,
            "mrr_at_3": 0.296875,
            "mrr_at_5": 0.345313,
            "mrr_at_10": 0.358457,
            "mrr_at_20": 0.36943,
            "mrr_at_100": 0.37354,
            "mrr_at_1000": 0.373662
          },
          "changed": {
            "ndcg_at_1": 0.34375,
            "ndcg_at_3": 0.28369,
            "ndcg_at_5": 0.28039,
            "ndcg_at_10": 0.24856,
            "ndcg_at_20": 0.2627,
            "ndcg_at_100": 0.35732,
            "ndcg_at_1000": 0.5303,
            "map_at_1": 0.02272,
            "map_at_3": 0.05008,
            "map_at_5": 0.06621,
            "map_at_10": 0.08976,
            "map_at_20": 0.11453,
            "map_at_100": 0.17175,
            "map_at_1000": 0.2229,
            "recall_at_1": 0.02272,
            "recall_at_3": 0.05417,
            "recall_at_5": 0.07625,
            "recall_at_10": 0.11975,
            "recall_at_20": 0.1799,
            "recall_at_100": 0.42954,
            "recall_at_1000": 1.0,
            "precision_at_1": 0.53125,
            "precision_at_3": 0.42708,
            "precision_at_5": 0.38125,
            "precision_at_10": 0.31875,
            "precision_at_20": 0.26875,
            "precision_at_100": 0.1475,
            "precision_at_1000": 0.03725,
            "naucs_at_1_max": 0.192335,
            "naucs_at_1_std": -0.093682,
            "naucs_at_1_diff1": -0.058056,
            "naucs_at_3_max": 0.041848,
            "naucs_at_3_std": -0.203548,
            "naucs_at_3_diff1": -0.199427,
            "naucs_at_5_max": 0.046674,
            "naucs_at_5_std": -0.201625,
            "naucs_at_5_diff1": -0.187037,
            "naucs_at_10_max": 0.054505,
            "naucs_at_10_std": -0.186104,
            "naucs_at_10_diff1": -0.199986,
            "naucs_at_20_max": 0.045141,
            "naucs_at_20_std": -0.181236,
            "naucs_at_20_diff1": -0.211267,
            "naucs_at_100_max": 0.05238,
            "naucs_at_100_std": -0.186573,
            "naucs_at_100_diff1": -0.199311,
            "naucs_at_1000_max": 0.05238,
            "naucs_at_1000_std": -0.186573,
            "naucs_at_1000_diff1": -0.199311,
            "mrr_at_1": 0.53125,
            "mrr_at_3": 0.609375,
            "mrr_at_5": 0.63125,
            "mrr_at_10": 0.64349,
            "mrr_at_20": 0.648414,
            "mrr_at_100": 0.650889,
            "mrr_at_1000": 0.650889
          }
        },
        "main_score": 0.062814,
        "hf_subset": "default",
        "languages": [
          "eng-Latn"
        ]
      }
    ]
  },
  "evaluation_time": 623.2268269062042,
  "kg_co2_emissions": null
}