{
  "dataset_revision": "e0144086b45fe31ac125e9ac1a83b6a409bb6ca6",
  "task_name": "News21InstructionRetrieval",
  "mteb_version": "1.38.33",
  "scores": {
    "test": [
      {
        "p-MRR": 0.078542,
        "individual": {
          "original": {
            "ndcg_at_1": 0.18359,
            "ndcg_at_3": 0.16087,
            "ndcg_at_5": 0.15181,
            "ndcg_at_10": 0.15635,
            "ndcg_at_20": 0.16815,
            "ndcg_at_100": 0.25546,
            "ndcg_at_1000": 0.38732,
            "map_at_1": 0.02882,
            "map_at_3": 0.0465,
            "map_at_5": 0.05968,
            "map_at_10": 0.07004,
            "map_at_20": 0.0786,
            "map_at_100": 0.10849,
            "map_at_1000": 0.13169,
            "recall_at_1": 0.02882,
            "recall_at_3": 0.05069,
            "recall_at_5": 0.07249,
            "recall_at_10": 0.11618,
            "recall_at_20": 0.1592,
            "recall_at_100": 0.4157,
            "recall_at_1000": 1.0,
            "precision_at_1": 0.28125,
            "precision_at_3": 0.19792,
            "precision_at_5": 0.175,
            "precision_at_10": 0.14062,
            "precision_at_20": 0.10469,
            "precision_at_100": 0.06313,
            "precision_at_1000": 0.01634,
            "naucs_at_1_max": 0.025387,
            "naucs_at_1_std": -0.345194,
            "naucs_at_1_diff1": 0.065451,
            "naucs_at_3_max": 0.033762,
            "naucs_at_3_std": -0.299647,
            "naucs_at_3_diff1": 0.069201,
            "naucs_at_5_max": 0.017083,
            "naucs_at_5_std": -0.310481,
            "naucs_at_5_diff1": 0.041061,
            "naucs_at_10_max": 0.026065,
            "naucs_at_10_std": -0.309784,
            "naucs_at_10_diff1": 0.085975,
            "naucs_at_20_max": 0.028395,
            "naucs_at_20_std": -0.311796,
            "naucs_at_20_diff1": 0.082729,
            "naucs_at_100_max": 0.022448,
            "naucs_at_100_std": -0.318938,
            "naucs_at_100_diff1": 0.078164,
            "naucs_at_1000_max": 0.02268,
            "naucs_at_1000_std": -0.31848,
            "naucs_at_1000_diff1": 0.078014,
            "mrr_at_1": 0.28125,
            "mrr_at_3": 0.333333,
            "mrr_at_5": 0.356771,
            "mrr_at_10": 0.370747,
            "mrr_at_20": 0.374262,
            "mrr_at_100": 0.381639,
            "mrr_at_1000": 0.381834
          },
          "changed": {
            "ndcg_at_1": 0.32422,
            "ndcg_at_3": 0.26058,
            "ndcg_at_5": 0.23617,
            "ndcg_at_10": 0.20319,
            "ndcg_at_20": 0.21985,
            "ndcg_at_100": 0.29463,
            "ndcg_at_1000": 0.49003,
            "map_at_1": 0.02178,
            "map_at_3": 0.04173,
            "map_at_5": 0.05386,
            "map_at_10": 0.06807,
            "map_at_20": 0.08843,
            "map_at_100": 0.13209,
            "map_at_1000": 0.17932,
            "recall_at_1": 0.02178,
            "recall_at_3": 0.04563,
            "recall_at_5": 0.06366,
            "recall_at_10": 0.08649,
            "recall_at_20": 0.14058,
            "recall_at_100": 0.34466,
            "recall_at_1000": 1.0,
            "precision_at_1": 0.46875,
            "precision_at_3": 0.38542,
            "precision_at_5": 0.35625,
            "precision_at_10": 0.25938,
            "precision_at_20": 0.22656,
            "precision_at_100": 0.12312,
            "precision_at_1000": 0.03725,
            "naucs_at_1_max": 0.383038,
            "naucs_at_1_std": 0.081081,
            "naucs_at_1_diff1": 0.096973,
            "naucs_at_3_max": 0.290134,
            "naucs_at_3_std": -0.050057,
            "naucs_at_3_diff1": -0.009083,
            "naucs_at_5_max": 0.334072,
            "naucs_at_5_std": -0.044122,
            "naucs_at_5_diff1": 0.015667,
            "naucs_at_10_max": 0.334072,
            "naucs_at_10_std": -0.044122,
            "naucs_at_10_diff1": 0.015667,
            "naucs_at_20_max": 0.33928,
            "naucs_at_20_std": -0.035933,
            "naucs_at_20_diff1": 0.030657,
            "naucs_at_100_max": 0.336543,
            "naucs_at_100_std": -0.031109,
            "naucs_at_100_diff1": 0.025913,
            "naucs_at_1000_max": 0.336543,
            "naucs_at_1000_std": -0.031109,
            "naucs_at_1000_diff1": 0.025913,
            "mrr_at_1": 0.46875,
            "mrr_at_3": 0.557292,
            "mrr_at_5": 0.579167,
            "mrr_at_10": 0.579167,
            "mrr_at_20": 0.584003,
            "mrr_at_100": 0.588601,
            "mrr_at_1000": 0.588601
          }
        },
        "main_score": 0.078542,
        "hf_subset": "default",
        "languages": [
          "eng-Latn"
        ]
      }
    ]
  },
  "evaluation_time": 1437.0858387947083,
  "kg_co2_emissions": null
}