{
  "dataset_revision": "a5a1c4fe2bc528ac12e83f8cdf82178da85d2f1d",
  "task_name": "Robust04InstructionRetrieval",
  "mteb_version": "1.38.33",
  "scores": {
    "test": [
      {
        "p-MRR": -0.004669,
        "individual": {
          "original": {
            "ndcg_at_1": 0.21154,
            "ndcg_at_3": 0.1611,
            "ndcg_at_5": 0.14748,
            "ndcg_at_10": 0.12745,
            "ndcg_at_20": 0.1169,
            "ndcg_at_100": 0.17295,
            "ndcg_at_1000": 0.39132,
            "map_at_1": 0.01776,
            "map_at_3": 0.02734,
            "map_at_5": 0.03352,
            "map_at_10": 0.03986,
            "map_at_20": 0.04429,
            "map_at_100": 0.05595,
            "map_at_1000": 0.07948,
            "recall_at_1": 0.01776,
            "recall_at_3": 0.03066,
            "recall_at_5": 0.05136,
            "recall_at_10": 0.06918,
            "recall_at_20": 0.08582,
            "recall_at_100": 0.25014,
            "recall_at_1000": 1.0,
            "precision_at_1": 0.21154,
            "precision_at_3": 0.15385,
            "precision_at_5": 0.13077,
            "precision_at_10": 0.1,
            "precision_at_20": 0.06731,
            "precision_at_100": 0.04442,
            "precision_at_1000": 0.01981,
            "naucs_at_1_max": 0.170371,
            "naucs_at_1_std": -0.149116,
            "naucs_at_1_diff1": 0.260868,
            "naucs_at_3_max": 0.098644,
            "naucs_at_3_std": -0.233292,
            "naucs_at_3_diff1": 0.27728,
            "naucs_at_5_max": 0.068875,
            "naucs_at_5_std": -0.210693,
            "naucs_at_5_diff1": 0.260301,
            "naucs_at_10_max": 0.064665,
            "naucs_at_10_std": -0.21436,
            "naucs_at_10_diff1": 0.24451,
            "naucs_at_20_max": 0.069305,
            "naucs_at_20_std": -0.219576,
            "naucs_at_20_diff1": 0.233227,
            "naucs_at_100_max": 0.067961,
            "naucs_at_100_std": -0.224188,
            "naucs_at_100_diff1": 0.233216,
            "naucs_at_1000_max": 0.068762,
            "naucs_at_1000_std": -0.223252,
            "naucs_at_1000_diff1": 0.23425,
            "mrr_at_1": 0.211538,
            "mrr_at_3": 0.262821,
            "mrr_at_5": 0.280128,
            "mrr_at_10": 0.290408,
            "mrr_at_20": 0.295215,
            "mrr_at_100": 0.305001,
            "mrr_at_1000": 0.305514
          },
          "changed": {
            "ndcg_at_1": 0.21154,
            "ndcg_at_3": 0.198,
            "ndcg_at_5": 0.19103,
            "ndcg_at_10": 0.15603,
            "ndcg_at_20": 0.15119,
            "ndcg_at_100": 0.1991,
            "ndcg_at_1000": 0.463,
            "map_at_1": 0.01333,
            "map_at_3": 0.02291,
            "map_at_5": 0.03036,
            "map_at_10": 0.03528,
            "map_at_20": 0.04525,
            "map_at_100": 0.06358,
            "map_at_1000": 0.1018,
            "recall_at_1": 0.01333,
            "recall_at_3": 0.02871,
            "recall_at_5": 0.04716,
            "recall_at_10": 0.06018,
            "recall_at_20": 0.09567,
            "recall_at_100": 0.25246,
            "recall_at_1000": 1.0,
            "precision_at_1": 0.21154,
            "precision_at_3": 0.21795,
            "precision_at_5": 0.19615,
            "precision_at_10": 0.14038,
            "precision_at_20": 0.11923,
            "precision_at_100": 0.07365,
            "precision_at_1000": 0.03369,
            "naucs_at_1_max": 0.151895,
            "naucs_at_1_std": 0.092921,
            "naucs_at_1_diff1": 0.281608,
            "naucs_at_3_max": 0.052626,
            "naucs_at_3_std": -0.061435,
            "naucs_at_3_diff1": 0.290896,
            "naucs_at_5_max": 0.061664,
            "naucs_at_5_std": -0.042883,
            "naucs_at_5_diff1": 0.302713,
            "naucs_at_10_max": 0.0262,
            "naucs_at_10_std": -0.04728,
            "naucs_at_10_diff1": 0.285129,
            "naucs_at_20_max": 0.032745,
            "naucs_at_20_std": -0.040206,
            "naucs_at_20_diff1": 0.280373,
            "naucs_at_100_max": 0.032589,
            "naucs_at_100_std": -0.03863,
            "naucs_at_100_diff1": 0.280402,
            "naucs_at_1000_max": 0.032963,
            "naucs_at_1000_std": -0.038663,
            "naucs_at_1000_diff1": 0.280827,
            "mrr_at_1": 0.211538,
            "mrr_at_3": 0.323718,
            "mrr_at_5": 0.351603,
            "mrr_at_10": 0.36482,
            "mrr_at_20": 0.37435,
            "mrr_at_100": 0.378864,
            "mrr_at_1000": 0.378926
          }
        },
        "main_score": -0.004669,
        "hf_subset": "default",
        "languages": [
          "eng-Latn"
        ]
      }
    ]
  },
  "evaluation_time": 2331.7026011943817,
  "kg_co2_emissions": null
}