{
  "dataset_revision": "a5a1c4fe2bc528ac12e83f8cdf82178da85d2f1d",
  "task_name": "Robust04InstructionRetrieval",
  "mteb_version": "1.38.33",
  "scores": {
    "test": [
      {
        "p-MRR": -0.002274,
        "individual": {
          "original": {
            "ndcg_at_1": 0.23077,
            "ndcg_at_3": 0.1892,
            "ndcg_at_5": 0.1686,
            "ndcg_at_10": 0.1582,
            "ndcg_at_20": 0.15949,
            "ndcg_at_100": 0.22378,
            "ndcg_at_1000": 0.42424,
            "map_at_1": 0.02468,
            "map_at_3": 0.0388,
            "map_at_5": 0.04301,
            "map_at_10": 0.05293,
            "map_at_20": 0.06091,
            "map_at_100": 0.08108,
            "map_at_1000": 0.10614,
            "recall_at_1": 0.02468,
            "recall_at_3": 0.05163,
            "recall_at_5": 0.06098,
            "recall_at_10": 0.09382,
            "recall_at_20": 0.1319,
            "recall_at_100": 0.33207,
            "recall_at_1000": 1.0,
            "precision_at_1": 0.25,
            "precision_at_3": 0.19231,
            "precision_at_5": 0.16538,
            "precision_at_10": 0.13269,
            "precision_at_20": 0.10769,
            "precision_at_100": 0.05615,
            "precision_at_1000": 0.01981,
            "naucs_at_1_max": -0.128578,
            "naucs_at_1_std": -0.018994,
            "naucs_at_1_diff1": 0.04541,
            "naucs_at_3_max": -0.146391,
            "naucs_at_3_std": 0.067051,
            "naucs_at_3_diff1": -0.00378,
            "naucs_at_5_max": -0.158119,
            "naucs_at_5_std": 0.016488,
            "naucs_at_5_diff1": -0.019253,
            "naucs_at_10_max": -0.176446,
            "naucs_at_10_std": 0.009165,
            "naucs_at_10_diff1": -0.011765,
            "naucs_at_20_max": -0.177754,
            "naucs_at_20_std": 0.001513,
            "naucs_at_20_diff1": -0.025756,
            "naucs_at_100_max": -0.174204,
            "naucs_at_100_std": 0.004817,
            "naucs_at_100_diff1": -0.021172,
            "naucs_at_1000_max": -0.174475,
            "naucs_at_1000_std": 0.004762,
            "naucs_at_1000_diff1": -0.021436,
            "mrr_at_1": 0.25,
            "mrr_at_3": 0.330128,
            "mrr_at_5": 0.35609,
            "mrr_at_10": 0.366102,
            "mrr_at_20": 0.373866,
            "mrr_at_100": 0.378905,
            "mrr_at_1000": 0.37927
          },
          "changed": {
            "ndcg_at_1": 0.30769,
            "ndcg_at_3": 0.27484,
            "ndcg_at_5": 0.24967,
            "ndcg_at_10": 0.21881,
            "ndcg_at_20": 0.21416,
            "ndcg_at_100": 0.27895,
            "ndcg_at_1000": 0.51354,
            "map_at_1": 0.02229,
            "map_at_3": 0.0374,
            "map_at_5": 0.04622,
            "map_at_10": 0.05757,
            "map_at_20": 0.07182,
            "map_at_100": 0.10383,
            "map_at_1000": 0.14433,
            "recall_at_1": 0.02229,
            "recall_at_3": 0.04763,
            "recall_at_5": 0.06311,
            "recall_at_10": 0.09714,
            "recall_at_20": 0.14382,
            "recall_at_100": 0.35064,
            "recall_at_1000": 1.0,
            "precision_at_1": 0.32692,
            "precision_at_3": 0.30128,
            "precision_at_5": 0.27308,
            "precision_at_10": 0.21154,
            "precision_at_20": 0.17596,
            "precision_at_100": 0.09673,
            "precision_at_1000": 0.03369,
            "naucs_at_1_max": -0.17217,
            "naucs_at_1_std": -0.049299,
            "naucs_at_1_diff1": 0.493926,
            "naucs_at_3_max": -0.206965,
            "naucs_at_3_std": -0.072097,
            "naucs_at_3_diff1": 0.402048,
            "naucs_at_5_max": -0.206293,
            "naucs_at_5_std": -0.059333,
            "naucs_at_5_diff1": 0.419525,
            "naucs_at_10_max": -0.225466,
            "naucs_at_10_std": -0.060563,
            "naucs_at_10_diff1": 0.416832,
            "naucs_at_20_max": -0.21977,
            "naucs_at_20_std": -0.058317,
            "naucs_at_20_diff1": 0.416758,
            "naucs_at_100_max": -0.219888,
            "naucs_at_100_std": -0.055204,
            "naucs_at_100_diff1": 0.41815,
            "naucs_at_1000_max": -0.219351,
            "naucs_at_1000_std": -0.055415,
            "naucs_at_1000_diff1": 0.418353,
            "mrr_at_1": 0.326923,
            "mrr_at_3": 0.442308,
            "mrr_at_5": 0.470192,
            "mrr_at_10": 0.478068,
            "mrr_at_20": 0.487028,
            "mrr_at_100": 0.489588,
            "mrr_at_1000": 0.489694
          }
        },
        "main_score": -0.002274,
        "hf_subset": "default",
        "languages": [
          "eng-Latn"
        ]
      }
    ]
  },
  "evaluation_time": 1022.4279737472534,
  "kg_co2_emissions": null
}