{
  "dataset_revision": "e39ff896cf3efbbdeeb950e6bd7c79f266995b07",
  "task_name": "Core17InstructionRetrieval",
  "mteb_version": "1.38.33",
  "scores": {
    "test": [
      {
        "p-MRR": 0.018724,
        "individual": {
          "original": {
            "ndcg_at_1": 0.0,
            "ndcg_at_3": 0.02221,
            "ndcg_at_5": 0.01933,
            "ndcg_at_10": 0.01746,
            "ndcg_at_20": 0.02295,
            "ndcg_at_100": 0.0617,
            "ndcg_at_1000": 0.36512,
            "map_at_1": 0.0,
            "map_at_3": 0.0011,
            "map_at_5": 0.00161,
            "map_at_10": 0.0026,
            "map_at_20": 0.00346,
            "map_at_100": 0.00808,
            "map_at_1000": 0.04177,
            "recall_at_1": 0.0,
            "recall_at_3": 0.00219,
            "recall_at_5": 0.00347,
            "recall_at_10": 0.00604,
            "recall_at_20": 0.01907,
            "recall_at_100": 0.09924,
            "recall_at_1000": 1.0,
            "precision_at_1": 0.0,
            "precision_at_3": 0.03333,
            "precision_at_5": 0.03,
            "precision_at_10": 0.025,
            "precision_at_20": 0.03,
            "precision_at_100": 0.0335,
            "precision_at_1000": 0.0327,
            "naucs_at_1_max": NaN,
            "naucs_at_1_std": NaN,
            "naucs_at_1_diff1": NaN,
            "naucs_at_3_max": 1.0,
            "naucs_at_3_std": -0.409042,
            "naucs_at_3_diff1": -0.537161,
            "naucs_at_5_max": 1.0,
            "naucs_at_5_std": -0.409042,
            "naucs_at_5_diff1": -0.537161,
            "naucs_at_10_max": 1.0,
            "naucs_at_10_std": -0.409042,
            "naucs_at_10_diff1": -0.537161,
            "naucs_at_20_max": 0.824573,
            "naucs_at_20_std": -0.204975,
            "naucs_at_20_diff1": -0.465498,
            "naucs_at_100_max": 0.849106,
            "naucs_at_100_std": -0.242858,
            "naucs_at_100_diff1": -0.487615,
            "naucs_at_1000_max": 0.860179,
            "naucs_at_1000_std": -0.24979,
            "naucs_at_1000_diff1": -0.489045,
            "mrr_at_1": 0.0,
            "mrr_at_3": 0.05,
            "mrr_at_5": 0.05,
            "mrr_at_10": 0.05,
            "mrr_at_20": 0.068403,
            "mrr_at_100": 0.077482,
            "mrr_at_1000": 0.078876
          },
          "changed": {
            "ndcg_at_1": 0.05,
            "ndcg_at_3": 0.03087,
            "ndcg_at_5": 0.02887,
            "ndcg_at_10": 0.02836,
            "ndcg_at_20": 0.03043,
            "ndcg_at_100": 0.08046,
            "ndcg_at_1000": 0.43597,
            "map_at_1": 0.0006,
            "map_at_3": 0.00094,
            "map_at_5": 0.00118,
            "map_at_10": 0.00157,
            "map_at_20": 0.00236,
            "map_at_100": 0.01018,
            "map_at_1000": 0.06439,
            "recall_at_1": 0.0006,
            "recall_at_3": 0.00129,
            "recall_at_5": 0.00188,
            "recall_at_10": 0.0043,
            "recall_at_20": 0.01345,
            "recall_at_100": 0.10867,
            "recall_at_1000": 1.0,
            "precision_at_1": 0.05,
            "precision_at_3": 0.03333,
            "precision_at_5": 0.03,
            "precision_at_10": 0.03,
            "precision_at_20": 0.04,
            "precision_at_100": 0.061,
            "precision_at_1000": 0.0545,
            "naucs_at_1_max": -0.070566,
            "naucs_at_1_std": 0.661926,
            "naucs_at_1_diff1": 0.098471,
            "naucs_at_3_max": 0.286289,
            "naucs_at_3_std": 0.274752,
            "naucs_at_3_diff1": -0.072713,
            "naucs_at_5_max": 0.286289,
            "naucs_at_5_std": 0.274752,
            "naucs_at_5_diff1": -0.072713,
            "naucs_at_10_max": 0.288148,
            "naucs_at_10_std": 0.234712,
            "naucs_at_10_diff1": -0.135733,
            "naucs_at_20_max": 0.243517,
            "naucs_at_20_std": 0.241077,
            "naucs_at_20_diff1": -0.102171,
            "naucs_at_100_max": 0.254655,
            "naucs_at_100_std": 0.26068,
            "naucs_at_100_diff1": -0.068874,
            "naucs_at_1000_max": 0.2534,
            "naucs_at_1000_std": 0.260419,
            "naucs_at_1000_diff1": -0.071392,
            "mrr_at_1": 0.05,
            "mrr_at_3": 0.075,
            "mrr_at_5": 0.075,
            "mrr_at_10": 0.086806,
            "mrr_at_20": 0.11101,
            "mrr_at_100": 0.123056,
            "mrr_at_1000": 0.123432
          }
        },
        "main_score": 0.018724,
        "hf_subset": "default",
        "languages": [
          "eng-Latn"
        ]
      }
    ]
  },
  "evaluation_time": 358.80404257774353,
  "kg_co2_emissions": null
}