{
  "dataset_revision": "e0144086b45fe31ac125e9ac1a83b6a409bb6ca6",
  "task_name": "News21InstructionRetrieval",
  "mteb_version": "1.38.33",
  "scores": {
    "test": [
      {
        "p-MRR": 0.094122,
        "individual": {
          "original": {
            "ndcg_at_1": 0.21875,
            "ndcg_at_3": 0.16566,
            "ndcg_at_5": 0.15393,
            "ndcg_at_10": 0.15177,
            "ndcg_at_20": 0.17161,
            "ndcg_at_100": 0.25615,
            "ndcg_at_1000": 0.39016,
            "map_at_1": 0.03169,
            "map_at_3": 0.05306,
            "map_at_5": 0.06257,
            "map_at_10": 0.07448,
            "map_at_20": 0.08596,
            "map_at_100": 0.11243,
            "map_at_1000": 0.13529,
            "recall_at_1": 0.03169,
            "recall_at_3": 0.05835,
            "recall_at_5": 0.07441,
            "recall_at_10": 0.1153,
            "recall_at_20": 0.17131,
            "recall_at_100": 0.42755,
            "recall_at_1000": 1.0,
            "precision_at_1": 0.3125,
            "precision_at_3": 0.21875,
            "precision_at_5": 0.18125,
            "precision_at_10": 0.1375,
            "precision_at_20": 0.11406,
            "precision_at_100": 0.06062,
            "precision_at_1000": 0.01634,
            "naucs_at_1_max": 0.125275,
            "naucs_at_1_std": -0.372909,
            "naucs_at_1_diff1": -0.12629,
            "naucs_at_3_max": 0.1523,
            "naucs_at_3_std": -0.257876,
            "naucs_at_3_diff1": -0.066115,
            "naucs_at_5_max": 0.142755,
            "naucs_at_5_std": -0.248719,
            "naucs_at_5_diff1": -0.063251,
            "naucs_at_10_max": 0.146014,
            "naucs_at_10_std": -0.260498,
            "naucs_at_10_diff1": -0.034098,
            "naucs_at_20_max": 0.142167,
            "naucs_at_20_std": -0.259445,
            "naucs_at_20_diff1": -0.03818,
            "naucs_at_100_max": 0.136785,
            "naucs_at_100_std": -0.269976,
            "naucs_at_100_diff1": -0.04143,
            "naucs_at_1000_max": 0.137257,
            "naucs_at_1000_std": -0.269404,
            "naucs_at_1000_diff1": -0.041813,
            "mrr_at_1": 0.3125,
            "mrr_at_3": 0.385417,
            "mrr_at_5": 0.391667,
            "mrr_at_10": 0.40217,
            "mrr_at_20": 0.409999,
            "mrr_at_100": 0.415169,
            "mrr_at_1000": 0.415386
          },
          "changed": {
            "ndcg_at_1": 0.36719,
            "ndcg_at_3": 0.28011,
            "ndcg_at_5": 0.25002,
            "ndcg_at_10": 0.20979,
            "ndcg_at_20": 0.2196,
            "ndcg_at_100": 0.28751,
            "ndcg_at_1000": 0.49075,
            "map_at_1": 0.02422,
            "map_at_3": 0.04445,
            "map_at_5": 0.06027,
            "map_at_10": 0.07492,
            "map_at_20": 0.09522,
            "map_at_100": 0.13682,
            "map_at_1000": 0.1833,
            "recall_at_1": 0.02422,
            "recall_at_3": 0.04712,
            "recall_at_5": 0.06839,
            "recall_at_10": 0.09206,
            "recall_at_20": 0.14154,
            "recall_at_100": 0.33017,
            "recall_at_1000": 1.0,
            "precision_at_1": 0.5625,
            "precision_at_3": 0.40625,
            "precision_at_5": 0.35625,
            "precision_at_10": 0.2625,
            "precision_at_20": 0.21875,
            "precision_at_100": 0.11625,
            "precision_at_1000": 0.03725,
            "naucs_at_1_max": 0.334165,
            "naucs_at_1_std": -0.030319,
            "naucs_at_1_diff1": -0.017141,
            "naucs_at_3_max": 0.227166,
            "naucs_at_3_std": -0.175391,
            "naucs_at_3_diff1": 0.05101,
            "naucs_at_5_max": 0.236094,
            "naucs_at_5_std": -0.164203,
            "naucs_at_5_diff1": 0.042469,
            "naucs_at_10_max": 0.236094,
            "naucs_at_10_std": -0.164203,
            "naucs_at_10_diff1": 0.042469,
            "naucs_at_20_max": 0.229615,
            "naucs_at_20_std": -0.1735,
            "naucs_at_20_diff1": 0.040468,
            "naucs_at_100_max": 0.236225,
            "naucs_at_100_std": -0.167564,
            "naucs_at_100_diff1": 0.041618,
            "naucs_at_1000_max": 0.236225,
            "naucs_at_1000_std": -0.167564,
            "naucs_at_1000_diff1": 0.041618,
            "mrr_at_1": 0.5625,
            "mrr_at_3": 0.625,
            "mrr_at_5": 0.632812,
            "mrr_at_10": 0.632812,
            "mrr_at_20": 0.643414,
            "mrr_at_100": 0.646585,
            "mrr_at_1000": 0.646585
          }
        },
        "main_score": 0.094122,
        "hf_subset": "default",
        "languages": [
          "eng-Latn"
        ]
      }
    ]
  },
  "evaluation_time": 636.0412771701813,
  "kg_co2_emissions": null
}