{
  "dataset_revision": "a5a1c4fe2bc528ac12e83f8cdf82178da85d2f1d",
  "task_name": "Robust04InstructionRetrieval",
  "mteb_version": "1.38.33",
  "scores": {
    "test": [
      {
        "p-MRR": 0.008557,
        "individual": {
          "original": {
            "ndcg_at_1": 0.23077,
            "ndcg_at_3": 0.17985,
            "ndcg_at_5": 0.15684,
            "ndcg_at_10": 0.13684,
            "ndcg_at_20": 0.13665,
            "ndcg_at_100": 0.18872,
            "ndcg_at_1000": 0.40149,
            "map_at_1": 0.01913,
            "map_at_3": 0.03212,
            "map_at_5": 0.0383,
            "map_at_10": 0.04566,
            "map_at_20": 0.05145,
            "map_at_100": 0.06473,
            "map_at_1000": 0.08857,
            "recall_at_1": 0.01913,
            "recall_at_3": 0.03478,
            "recall_at_5": 0.05362,
            "recall_at_10": 0.07255,
            "recall_at_20": 0.10633,
            "recall_at_100": 0.25728,
            "recall_at_1000": 1.0,
            "precision_at_1": 0.23077,
            "precision_at_3": 0.17308,
            "precision_at_5": 0.13846,
            "precision_at_10": 0.10385,
            "precision_at_20": 0.08462,
            "precision_at_100": 0.04981,
            "precision_at_1000": 0.01981,
            "naucs_at_1_max": 0.110076,
            "naucs_at_1_std": -0.335337,
            "naucs_at_1_diff1": -0.050861,
            "naucs_at_3_max": 0.077409,
            "naucs_at_3_std": -0.343627,
            "naucs_at_3_diff1": 0.02117,
            "naucs_at_5_max": 0.063621,
            "naucs_at_5_std": -0.327264,
            "naucs_at_5_diff1": 0.034736,
            "naucs_at_10_max": 0.052398,
            "naucs_at_10_std": -0.352525,
            "naucs_at_10_diff1": 0.023243,
            "naucs_at_20_max": 0.055719,
            "naucs_at_20_std": -0.349925,
            "naucs_at_20_diff1": 0.015561,
            "naucs_at_100_max": 0.055766,
            "naucs_at_100_std": -0.350383,
            "naucs_at_100_diff1": 0.010403,
            "naucs_at_1000_max": 0.055368,
            "naucs_at_1000_std": -0.348869,
            "naucs_at_1000_diff1": 0.01138,
            "mrr_at_1": 0.230769,
            "mrr_at_3": 0.266026,
            "mrr_at_5": 0.279487,
            "mrr_at_10": 0.29871,
            "mrr_at_20": 0.308641,
            "mrr_at_100": 0.314557,
            "mrr_at_1000": 0.315185
          },
          "changed": {
            "ndcg_at_1": 0.24038,
            "ndcg_at_3": 0.21971,
            "ndcg_at_5": 0.20696,
            "ndcg_at_10": 0.18081,
            "ndcg_at_20": 0.17955,
            "ndcg_at_100": 0.22018,
            "ndcg_at_1000": 0.47736,
            "map_at_1": 0.01521,
            "map_at_3": 0.02669,
            "map_at_5": 0.03445,
            "map_at_10": 0.04453,
            "map_at_20": 0.05614,
            "map_at_100": 0.07684,
            "map_at_1000": 0.11619,
            "recall_at_1": 0.01521,
            "recall_at_3": 0.03312,
            "recall_at_5": 0.05034,
            "recall_at_10": 0.07425,
            "recall_at_20": 0.11985,
            "recall_at_100": 0.26818,
            "recall_at_1000": 1.0,
            "precision_at_1": 0.25,
            "precision_at_3": 0.23718,
            "precision_at_5": 0.21923,
            "precision_at_10": 0.16923,
            "precision_at_20": 0.14615,
            "precision_at_100": 0.08135,
            "precision_at_1000": 0.03369,
            "naucs_at_1_max": 0.129365,
            "naucs_at_1_std": -0.015726,
            "naucs_at_1_diff1": 0.105279,
            "naucs_at_3_max": 0.052807,
            "naucs_at_3_std": -0.096785,
            "naucs_at_3_diff1": 0.093283,
            "naucs_at_5_max": 0.070983,
            "naucs_at_5_std": -0.132258,
            "naucs_at_5_diff1": 0.090704,
            "naucs_at_10_max": 0.068265,
            "naucs_at_10_std": -0.138578,
            "naucs_at_10_diff1": 0.088592,
            "naucs_at_20_max": 0.045914,
            "naucs_at_20_std": -0.120388,
            "naucs_at_20_diff1": 0.074287,
            "naucs_at_100_max": 0.048003,
            "naucs_at_100_std": -0.120067,
            "naucs_at_100_diff1": 0.074585,
            "naucs_at_1000_max": 0.049513,
            "naucs_at_1000_std": -0.120846,
            "naucs_at_1000_diff1": 0.075443,
            "mrr_at_1": 0.25,
            "mrr_at_3": 0.330128,
            "mrr_at_5": 0.360897,
            "mrr_at_10": 0.376656,
            "mrr_at_20": 0.386822,
            "mrr_at_100": 0.389841,
            "mrr_at_1000": 0.390097
          }
        },
        "main_score": 0.008557,
        "hf_subset": "default",
        "languages": [
          "eng-Latn"
        ]
      }
    ]
  },
  "evaluation_time": 1028.5285503864288,
  "kg_co2_emissions": null
}